年份,縣市,鄉鎮市區,里別,商圈分類,是否為金三角商圈,是否為東大門周邊,有效營利事業累計家數,該年新設立營利事業家數,開立統一發票店家數,發票店家佔比(%),登記資本總額(元),平均資本額(元),代表行業類別,推估年度銷售額(千元)
2015,花蓮縣,花蓮市,主信里,一般住宅/非核心商業區,否,否,57,4,29,50.88,112172000,1967929,麵店、小吃店,727913.41
2015,花蓮縣,花蓮市,主力里,金三角商圈,是,否,178,13,105,58.99,403058000,2264370,居家修繕用品零售,2632040.43
2015,花蓮縣,花蓮市,主勤里,金三角商圈,是,否,78,5,39,50.0,80257000,1028935,未分類其他服飾品零售,898562.6
2015,花蓮縣,花蓮市,主和里,一般住宅/非核心商業區,否,否,120,5,62,51.67,204926500,1707720,麵店、小吃店,1516515.36
2015,花蓮縣,花蓮市,主商里,金三角與東大門核心交會區,是,是,94,2,44,46.81,1113851000,11849478,金（銀）飾零售,2178549.21
2015,花蓮縣,花蓮市,主學里,金三角商圈,是,否,94,2,42,44.68,156046000,1660063,麵店、小吃店,1046923.18
2015,花蓮縣,花蓮市,主安里,金三角商圈,是,否,89,7,43,48.31,261739000,2940887,麵店、小吃店,1187926.92
2015,花蓮縣,花蓮市,主工里,金三角與東大門核心交會區,是,是,78,2,38,48.72,217313000,2786064,麵店、小吃店,1033870.23
2015,花蓮縣,花蓮市,主權里,一般住宅/非核心商業區,否,否,198,9,108,54.55,354832000,1792080,麵店、小吃店,2639239.75
2015,花蓮縣,花蓮市,主睦里,一般住宅/非核心商業區,否,否,76,4,31,40.79,143389000,1886697,未分類其他家用器具及用品零售,804841.81
2015,花蓮縣,花蓮市,主義里,一般住宅/非核心商業區,否,否,24,2,8,33.33,6616000,275666,梭織服裝訂製,173112.12
2015,花蓮縣,花蓮市,主計里,金三角商圈,是,否,65,5,25,38.46,173241000,2665246,水產品零售,714635.08
2015,花蓮縣,花蓮市,主農里,一般住宅/非核心商業區,否,否,124,10,65,52.42,180151900,1452837,麵店、小吃店,1550408.46
2015,花蓮縣,花蓮市,國光里,一般住宅/非核心商業區,否,否,73,6,32,43.84,69630000,953835,民宿,741582.59
2015,花蓮縣,花蓮市,國威里,金三角商圈,是,否,149,12,74,49.66,486562000,3265516,麵店、小吃店,2085461.75
2015,花蓮縣,花蓮市,國安里,一般住宅/非核心商業區,否,否,84,3,46,54.76,203486000,2422452,麵店、小吃店,1183712.91
2015,花蓮縣,花蓮市,國富里,一般住宅/非核心商業區,否,否,270,14,132,48.89,355281900,1315858,麵店、小吃店,3136496.04
2015,花蓮縣,花蓮市,國強里,一般住宅/非核心商業區,否,否,55,3,40,72.73,188964000,3435709,其他汽車維修,1042997.05
2015,花蓮縣,花蓮市,國慶里,一般住宅/非核心商業區,否,否,89,9,58,65.17,2551078745,28663806,汽車零件、汽車百貨零售,4104254.86
2015,花蓮縣,花蓮市,國治里,一般住宅/非核心商業區,否,否,100,6,46,46.0,96588400,965884,麵店、小吃店,1062035.69
2015,花蓮縣,花蓮市,國盛里,一般住宅/非核心商業區,否,否,154,5,84,54.55,399692000,2595402,計程車客運,2193557.89
2015,花蓮縣,花蓮市,國福里,一般住宅/非核心商業區,否,否,27,3,16,59.26,18630000,690000,未分類其他家用器具及用品零售,352368.57
2015,花蓮縣,花蓮市,國聯里,一般住宅/非核心商業區,否,否,288,23,180,62.5,2093911840,7270527,旅館,6108996.54
2015,花蓮縣,花蓮市,國興里,一般住宅/非核心商業區,否,否,125,11,61,48.8,234708800,1877670,麵店、小吃店,1529717.67
2015,花蓮縣,花蓮市,國華里,一般住宅/非核心商業區,否,否,88,7,42,47.73,177422606,2016165,麵店、小吃店,1071255.3
2015,花蓮縣,花蓮市,國裕里,一般住宅/非核心商業區,否,否,238,11,156,65.55,1429368190,6005748,未分類其他土木工程,4855829.2
2015,花蓮縣,花蓮市,國防里,一般住宅/非核心商業區,否,否,38,0,19,50.0,96596000,2542000,未分類其他土木工程,503207.13
2015,花蓮縣,花蓮市,國風里,一般住宅/非核心商業區,否,否,151,10,89,58.94,263415800,1744475,餐廳,2141928.57
2015,花蓮縣,花蓮市,國魂里,一般住宅/非核心商業區,否,否,111,9,62,55.86,864766300,7790687,麵店、小吃店,2267584.31
2015,花蓮縣,花蓮市,市區其他未標示里,一般住宅/非核心商業區,否,否,108,2,6,5.56,28987290,268400,農產品（家畜及家禽肉品）批發市場承銷,157181.11
2015,花蓮縣,花蓮市,民主里,金三角與東大門核心交會區,是,是,159,72,13,8.18,138205000,869213,餐食攤販,426382.93
2015,花蓮縣,花蓮市,民享里,一般住宅/非核心商業區,否,否,78,3,47,60.26,199411000,2556551,民宿,1199772.17
2015,花蓮縣,花蓮市,民勤里,一般住宅/非核心商業區,否,否,90,4,43,47.78,206698000,2296644,麵店、小吃店,1125275.97
2015,花蓮縣,花蓮市,民孝里,一般住宅/非核心商業區,否,否,139,6,63,45.32,630096500,4533068,水產品零售,2021166.85
2015,花蓮縣,花蓮市,民德里,一般住宅/非核心商業區,否,否,48,0,27,56.25,148046000,3084291,麵店、小吃店,727351.98
2015,花蓮縣,花蓮市,民心里,一般住宅/非核心商業區,否,否,168,2,157,93.45,2488445500,14812175,石材家具及其製品製造,6082031.73
2015,花蓮縣,花蓮市,民意里,一般住宅/非核心商業區,否,否,48,3,27,56.25,321634000,6700708,麵店、小吃店,924940.18
2015,花蓮縣,花蓮市,民政里,一般住宅/非核心商業區,否,否,90,10,47,52.22,252856848,2809520,不動產投資開發,1260607.42
2015,花蓮縣,花蓮市,民族里,金三角與東大門核心交會區,是,是,81,6,35,43.21,394369350,4868757,旅館,1173313.28
2015,花蓮縣,花蓮市,民有里,一般住宅/非核心商業區,否,否,8,0,2,25.0,1165000,145625,民宿,42721.42
2015,花蓮縣,花蓮市,民樂里,一般住宅/非核心商業區,否,否,11,0,6,54.55,31497000,2863363,冷凍、通風、空調系統裝修工程,160037.81
2015,花蓮縣,花蓮市,民權里,一般住宅/非核心商業區,否,否,13,0,7,53.85,25694000,1976461,其他殯葬及寵物生命紀念相關服務,174130.16
2015,花蓮縣,花蓮市,民治里,一般住宅/非核心商業區,否,否,2,0,0,0.0,70000,35000,畜肉零售,79.68
2015,花蓮縣,花蓮市,民生里,金三角與東大門核心交會區,是,是,205,16,74,36.1,344850000,1682195,服裝零售,1924156.71
2015,花蓮縣,花蓮市,民立里,一般住宅/非核心商業區,否,否,48,4,33,68.75,246510140,5135627,醫療耗材零售,963615.78
2015,花蓮縣,花蓮市,民運里,一般住宅/非核心商業區,否,否,116,7,45,38.79,369261000,3183284,麵店、小吃店,1351710.21
2016,花蓮縣,花蓮市,主信里,一般住宅/非核心商業區,否,否,61,4,31,50.82,122525000,2008606,麵店、小吃店,768112.62
2016,花蓮縣,花蓮市,主力里,金三角商圈,是,否,187,9,110,58.82,408437000,2184155,美髮院及髮廊,2695172.93
2016,花蓮縣,花蓮市,主勤里,金三角商圈,是,否,84,6,41,48.81,82559000,982845,未分類其他服飾品零售,924146.64
2016,花蓮縣,花蓮市,主和里,一般住宅/非核心商業區,否,否,123,3,64,52.03,205706500,1672410,麵店、小吃店,1531248.84
2016,花蓮縣,花蓮市,主商里,金三角與東大門核心交會區,是,是,95,1,45,47.37,1114099000,11727357,金（銀）飾零售,2195571.22
2016,花蓮縣,花蓮市,主學里,金三角商圈,是,否,103,9,46,44.66,160587000,1559097,麵店、小吃店,1115283.83
2016,花蓮縣,花蓮市,主安里,金三角商圈,是,否,98,9,48,48.98,264809000,2702132,其他美容美體服務,1276004.71
2016,花蓮縣,花蓮市,主工里,金三角與東大門核心交會區,是,是,85,7,39,45.88,242998000,2858800,麵店、小吃店,1068886.38
2016,花蓮縣,花蓮市,主權里,一般住宅/非核心商業區,否,否,204,6,111,54.41,364791000,1788191,麵店、小吃店,2665014.66
2016,花蓮縣,花蓮市,主睦里,一般住宅/非核心商業區,否,否,80,4,32,40.0,144617000,1807712,未分類其他家用器具及用品零售,813826.39
2016,花蓮縣,花蓮市,主義里,一般住宅/非核心商業區,否,否,28,4,10,35.71,9266000,330928,梭織服裝訂製,212855.53
2016,花蓮縣,花蓮市,主計里,金三角商圈,是,否,69,4,25,36.23,173431000,2513492,水產品零售,705569.53
2016,花蓮縣,花蓮市,主農里,一般住宅/非核心商業區,否,否,129,5,68,52.71,180544900,1399572,民宿,1583072.82
2016,花蓮縣,花蓮市,國光里,一般住宅/非核心商業區,否,否,82,9,36,43.9,74670000,910609,民宿,813960.94
2016,花蓮縣,花蓮市,國威里,金三角商圈,是,否,159,10,79,49.69,491328000,3090113,麵店、小吃店,2164142.83
2016,花蓮縣,花蓮市,國安里,一般住宅/非核心商業區,否,否,88,4,49,55.68,209606000,2381886,麵店、小吃店,1232507.83
2016,花蓮縣,花蓮市,國富里,一般住宅/非核心商業區,否,否,285,15,135,47.37,356263900,1250048,麵店、小吃店,3140359.68
2016,花蓮縣,花蓮市,國強里,一般住宅/非核心商業區,否,否,57,2,41,71.93,189264000,3320421,其他汽車維修,1047301.07
2016,花蓮縣,花蓮市,國慶里,一般住宅/非核心商業區,否,否,90,1,59,65.56,2553078745,28367541,汽車零件、汽車百貨零售,4139406.75
2016,花蓮縣,花蓮市,國治里,一般住宅/非核心商業區,否,否,111,11,52,46.85,97956400,882490,麵店、小吃店,1164294.88
2016,花蓮縣,花蓮市,國盛里,一般住宅/非核心商業區,否,否,161,7,88,54.66,401945000,2496552,計程車客運,2242925.72
2016,花蓮縣,花蓮市,國福里,一般住宅/非核心商業區,否,否,28,1,17,60.71,18830000,672500,未分類其他家用器具及用品零售,365406.67
2016,花蓮縣,花蓮市,國聯里,一般住宅/非核心商業區,否,否,314,26,194,61.78,2165432840,6896282,民宿,6421176.98
2016,花蓮縣,花蓮市,國興里,一般住宅/非核心商業區,否,否,134,9,64,47.76,235934800,1760707,麵店、小吃店,1566137.08
2016,花蓮縣,花蓮市,國華里,一般住宅/非核心商業區,否,否,92,4,42,45.65,177688606,1931397,麵店、小吃店,1054157.35
2016,花蓮縣,花蓮市,國裕里,一般住宅/非核心商業區,否,否,252,14,164,65.08,1451691190,5760679,未分類其他土木工程,4990923.04
2016,花蓮縣,花蓮市,國防里,一般住宅/非核心商業區,否,否,39,1,20,51.28,96746000,2480666,未分類其他土木工程,515982.37
2016,花蓮縣,花蓮市,國風里,一般住宅/非核心商業區,否,否,161,10,92,57.14,276148800,1715209,餐廳,2178601.47
2016,花蓮縣,花蓮市,國魂里,一般住宅/非核心商業區,否,否,117,6,65,55.56,869826300,7434412,麵店、小吃店,2317964.13
2016,花蓮縣,花蓮市,市區其他未標示里,一般住宅/非核心商業區,否,否,110,2,7,6.36,29590290,269002,農產品（家畜及家禽肉品）批發市場承銷,175664.64
2016,花蓮縣,花蓮市,民主里,金三角與東大門核心交會區,是,是,356,197,15,4.21,145609000,409014,餐食攤販,471297.44
2016,花蓮縣,花蓮市,民享里,一般住宅/非核心商業區,否,否,81,3,50,61.73,211011000,2605074,民宿,1254345.53
2016,花蓮縣,花蓮市,民勤里,一般住宅/非核心商業區,否,否,94,4,47,50.0,212147001,2256882,麵店、小吃店,1195008.33
2016,花蓮縣,花蓮市,民孝里,一般住宅/非核心商業區,否,否,143,4,65,45.45,636201500,4448961,水產品零售,2048324.2
2016,花蓮縣,花蓮市,民德里,一般住宅/非核心商業區,否,否,55,7,33,60.0,174526000,3173200,麵店、小吃店,868562.21
2016,花蓮縣,花蓮市,民心里,一般住宅/非核心商業區,否,否,175,7,162,92.57,2533943500,14479677,石材家具及其製品製造,6199580.98
2016,花蓮縣,花蓮市,民意里,一般住宅/非核心商業區,否,否,54,6,31,57.41,325552000,6028740,麵店、小吃店,1002437.86
2016,花蓮縣,花蓮市,民政里,一般住宅/非核心商業區,否,否,95,5,50,52.63,270447848,2846819,不動產投資開發,1322945.05
2016,花蓮縣,花蓮市,民族里,金三角與東大門核心交會區,是,是,84,3,36,42.86,395429350,4707492,旅館,1184167.91
2016,花蓮縣,花蓮市,民有里,一般住宅/非核心商業區,否,否,10,2,3,30.0,1375000,137500,民宿,62235.3
2016,花蓮縣,花蓮市,民樂里,一般住宅/非核心商業區,否,否,12,1,7,58.33,31997000,2666416,冷凍、通風、空調系統裝修工程,178442.36
2016,花蓮縣,花蓮市,民權里,一般住宅/非核心商業區,否,否,14,1,8,57.14,27694000,1978142,其他殯葬及寵物生命紀念相關服務,193692.13
2016,花蓮縣,花蓮市,民治里,一般住宅/非核心商業區,否,否,2,0,0,0.0,70000,35000,畜肉零售,80.79
2016,花蓮縣,花蓮市,民生里,金三角與東大門核心交會區,是,是,216,11,81,37.5,347833000,1610337,服裝零售,2038959.15
2016,花蓮縣,花蓮市,民立里,一般住宅/非核心商業區,否,否,50,2,35,70.0,248510140,4970202,醫療耗材零售,994383.82
2016,花蓮縣,花蓮市,民運里,一般住宅/非核心商業區,否,否,120,4,48,40.0,372119000,3100991,麵店、小吃店,1399857.4
2017,花蓮縣,花蓮市,主信里,一般住宅/非核心商業區,否,否,66,5,33,50.0,122960000,1863030,麵店、小吃店,795485.92
2017,花蓮縣,花蓮市,主力里,金三角商圈,是,否,192,5,112,58.33,424017000,2208421,美髮院及髮廊,2707480.57
2017,花蓮縣,花蓮市,主勤里,金三角商圈,是,否,91,7,42,46.15,83029000,912406,未分類其他服飾品零售,928536.66
2017,花蓮縣,花蓮市,主和里,一般住宅/非核心商業區,否,否,130,7,67,51.54,207426500,1595588,麵店、小吃店,1566861.41
2017,花蓮縣,花蓮市,主商里,金三角與東大門核心交會區,是,是,101,6,46,45.54,1115395000,11043514,服裝零售,2186932.56
2017,花蓮縣,花蓮市,主學里,金三角商圈,是,否,110,7,49,44.55,163247000,1484063,麵店、小吃店,1159100.63
2017,花蓮縣,花蓮市,主安里,金三角商圈,是,否,103,5,50,48.54,270259000,2623873,麵店、小吃店,1301162.06
2017,花蓮縣,花蓮市,主工里,金三角與東大門核心交會區,是,是,89,4,40,44.94,244328000,2745258,麵店、小吃店,1073044.49
2017,花蓮縣,花蓮市,主權里,一般住宅/非核心商業區,否,否,220,16,117,53.18,368199000,1673631,麵店、小吃店,2742986.43
2017,花蓮縣,花蓮市,主睦里,一般住宅/非核心商業區,否,否,84,4,34,40.48,145120000,1727619,未分類其他家用器具及用品零售,840643.69
2017,花蓮縣,花蓮市,主義里,一般住宅/非核心商業區,否,否,29,1,11,37.93,9366000,322965,梭織服裝訂製,229050.18
2017,花蓮縣,花蓮市,主計里,金三角商圈,是,否,72,3,27,37.5,176633000,2453236,水產品零售,737680.04
2017,花蓮縣,花蓮市,主農里,一般住宅/非核心商業區,否,否,136,7,71,52.21,203294900,1494815,民宿,1641544.41
2017,花蓮縣,花蓮市,國光里,一般住宅/非核心商業區,否,否,83,1,36,43.37,74730000,900361,民宿,799956.81
2017,花蓮縣,花蓮市,國威里,金三角商圈,是,否,163,4,81,49.69,491878000,3017656,麵店、小吃店,2169618.95
2017,花蓮縣,花蓮市,國安里,一般住宅/非核心商業區,否,否,98,10,55,56.12,220819000,2253255,麵店、小吃店,1343951.8
2017,花蓮縣,花蓮市,國富里,一般住宅/非核心商業區,否,否,295,10,140,47.46,371148900,1258131,麵店、小吃店,3202913.49
2017,花蓮縣,花蓮市,國強里,一般住宅/非核心商業區,否,否,64,7,44,68.75,193394000,3021781,其他汽車維修,1094277.68
2017,花蓮縣,花蓮市,國慶里,一般住宅/非核心商業區,否,否,95,5,61,64.21,2568191745,27033597,汽車零件、汽車百貨零售,4143827.52
2017,花蓮縣,花蓮市,國治里,一般住宅/非核心商業區,否,否,115,4,52,45.22,98254400,854386,麵店、小吃店,1144428.1
2017,花蓮縣,花蓮市,國盛里,一般住宅/非核心商業區,否,否,175,14,98,56.0,419603000,2397731,民宿,2424534.67
2017,花蓮縣,花蓮市,國福里,一般住宅/非核心商業區,否,否,33,5,20,60.61,23610000,715454,未分類其他家用器具及用品零售,423970.47
2017,花蓮縣,花蓮市,國聯里,一般住宅/非核心商業區,否,否,336,22,203,60.42,2172852840,6466823,民宿,6511088.51
2017,花蓮縣,花蓮市,國興里,一般住宅/非核心商業區,否,否,139,5,66,47.48,236545800,1701768,麵店、小吃店,1580266.21
2017,花蓮縣,花蓮市,國華里,一般住宅/非核心商業區,否,否,99,7,43,43.43,179236606,1810470,麵店、小吃店,1058259.13
2017,花蓮縣,花蓮市,國裕里,一般住宅/非核心商業區,否,否,270,18,172,63.7,1468199190,5437774,麵店、小吃店,5090990.83
2017,花蓮縣,花蓮市,國防里,一般住宅/非核心商業區,否,否,43,4,23,53.49,98791000,2297465,未分類其他土木工程,569380.61
2017,花蓮縣,花蓮市,國風里,一般住宅/非核心商業區,否,否,175,14,97,55.43,291454800,1665456,民宿,2258335.03
2017,花蓮縣,花蓮市,國魂里,一般住宅/非核心商業區,否,否,125,8,67,53.6,871691300,6973530,麵店、小吃店,2325472.72
2017,花蓮縣,花蓮市,市區其他未標示里,一般住宅/非核心商業區,否,否,112,2,9,8.04,34590290,308841,農產品（家畜及家禽肉品）批發市場承銷,218156.4
2017,花蓮縣,花蓮市,民主里,金三角與東大門核心交會區,是,是,386,30,19,4.92,146297000,379007,餐食攤販,544232.53
2017,花蓮縣,花蓮市,民享里,一般住宅/非核心商業區,否,否,91,10,59,64.84,216201000,2375835,民宿,1418079.32
2017,花蓮縣,花蓮市,民勤里,一般住宅/非核心商業區,否,否,101,7,50,49.5,217791001,2156346,麵店、小吃店,1241241.95
2017,花蓮縣,花蓮市,民孝里,一般住宅/非核心商業區,否,否,145,2,66,45.52,637369500,4395651,水產品零售,2038019.49
2017,花蓮縣,花蓮市,民德里,一般住宅/非核心商業區,否,否,58,3,35,60.34,192029000,3310844,麵店、小吃店,914065.6
2017,花蓮縣,花蓮市,民心里,一般住宅/非核心商業區,否,否,177,2,164,92.66,2546015200,14384266,石材家具及其製品製造,6163087.81
2017,花蓮縣,花蓮市,民意里,一般住宅/非核心商業區,否,否,58,4,33,56.9,326267000,5625293,麵店、小吃店,1027668.92
2017,花蓮縣,花蓮市,民政里,一般住宅/非核心商業區,否,否,100,5,52,52.0,280807848,2808078,不動產投資開發,1352909.89
2017,花蓮縣,花蓮市,民族里,金三角與東大門核心交會區,是,是,86,2,38,44.19,520629350,6053829,旅館,1348888.62
2017,花蓮縣,花蓮市,民有里,一般住宅/非核心商業區,否,否,10,0,3,30.0,1375000,137500,民宿,61121.36
2017,花蓮縣,花蓮市,民樂里,一般住宅/非核心商業區,否,否,13,1,7,53.85,32097000,2469000,冷凍、通風、空調系統裝修工程,175608.27
2017,花蓮縣,花蓮市,民權里,一般住宅/非核心商業區,否,否,14,0,8,57.14,27694000,1978142,其他殯葬及寵物生命紀念相關服務,190430.26
2017,花蓮縣,花蓮市,民治里,一般住宅/非核心商業區,否,否,2,0,0,0.0,70000,35000,畜肉零售,79.94
2017,花蓮縣,花蓮市,民生里,金三角與東大門核心交會區,是,是,227,11,85,37.44,368784000,1624599,服裝零售,2108443.15
2017,花蓮縣,花蓮市,民立里,一般住宅/非核心商業區,否,否,56,6,39,69.64,677210140,12093038,醫療耗材零售,1547559.16
2017,花蓮縣,花蓮市,民運里,一般住宅/非核心商業區,否,否,131,11,49,37.4,372983000,2847198,麵店、小吃店,1398625.75
2018,花蓮縣,花蓮市,主信里,一般住宅/非核心商業區,否,否,68,2,35,51.47,123660000,1818529,麵店、小吃店,827334.07
2018,花蓮縣,花蓮市,主力里,金三角商圈,是,否,207,15,122,58.94,431989000,2086903,美髮院及髮廊,2884955.91
2018,花蓮縣,花蓮市,主勤里,金三角商圈,是,否,92,1,43,46.74,83529000,907923,未分類其他服飾品零售,936458.65
2018,花蓮縣,花蓮市,主和里,一般住宅/非核心商業區,否,否,136,6,71,52.21,230094500,1691871,麵店、小吃店,1654031.74
2018,花蓮縣,花蓮市,主商里,金三角與東大門核心交會區,是,是,104,3,47,45.19,1115795000,10728798,服裝零售,2221585.16
2018,花蓮縣,花蓮市,主學里,金三角商圈,是,否,115,5,50,43.48,173457000,1508321,麵店、小吃店,1178163.67
2018,花蓮縣,花蓮市,主安里,金三角商圈,是,否,107,4,50,46.73,270539000,2528401,麵店、小吃店,1291688.38
2018,花蓮縣,花蓮市,主工里,金三角與東大門核心交會區,是,是,94,5,43,45.74,244988000,2606255,麵店、小吃店,1125263.86
2018,花蓮縣,花蓮市,主權里,一般住宅/非核心商業區,否,否,228,8,121,53.07,370049999,1623026,麵店、小吃店,2793019.77
2018,花蓮縣,花蓮市,主睦里,一般住宅/非核心商業區,否,否,89,5,36,40.45,150640000,1692584,未分類其他家用器具及用品零售,878390.22
2018,花蓮縣,花蓮市,主義里,一般住宅/非核心商業區,否,否,31,2,13,41.94,9766000,315032,梭織服裝訂製,265005.44
2018,花蓮縣,花蓮市,主計里,金三角商圈,是,否,75,3,29,38.67,183733000,2449773,麵店、小吃店,780542.19
2018,花蓮縣,花蓮市,主農里,一般住宅/非核心商業區,否,否,146,10,77,52.74,208829900,1430341,民宿,1746204.97
2018,花蓮縣,花蓮市,國光里,一般住宅/非核心商業區,否,否,87,4,40,45.98,77430000,890000,民宿,870806.96
2018,花蓮縣,花蓮市,國威里,金三角商圈,是,否,177,14,86,48.59,492813000,2784254,麵店、小吃店,2253845.21
2018,花蓮縣,花蓮市,國安里,一般住宅/非核心商業區,否,否,104,6,56,53.85,225995000,2173028,麵店、小吃店,1356639.4
2018,花蓮縣,花蓮市,國富里,一般住宅/非核心商業區,否,否,311,16,152,48.87,382954900,1231366,麵店、小吃店,3412813.96
2018,花蓮縣,花蓮市,國強里,一般住宅/非核心商業區,否,否,68,4,45,66.18,195614000,2876676,其他汽車維修,1106540.55
2018,花蓮縣,花蓮市,國慶里,一般住宅/非核心商業區,否,否,103,8,67,65.05,2569821745,24949725,汽車零件、汽車百貨零售,4312010.85
2018,花蓮縣,花蓮市,國治里,一般住宅/非核心商業區,否,否,120,5,55,45.83,99705400,830878,麵店、小吃店,1189453.64
2018,花蓮縣,花蓮市,國盛里,一般住宅/非核心商業區,否,否,191,16,107,56.02,451451000,2363617,民宿,2615115.67
2018,花蓮縣,花蓮市,國福里,一般住宅/非核心商業區,否,否,33,0,20,60.61,23610000,715454,未分類其他家用器具及用品零售,417740.16
2018,花蓮縣,花蓮市,國聯里,一般住宅/非核心商業區,否,否,358,22,217,60.61,2210500840,6174583,民宿,6817817.08
2018,花蓮縣,花蓮市,國興里,一般住宅/非核心商業區,否,否,149,10,71,47.65,240158800,1611804,早餐店,1665800.62
2018,花蓮縣,花蓮市,國華里,一般住宅/非核心商業區,否,否,109,10,46,42.2,181169606,1662106,麵店、小吃店,1109156.28
2018,花蓮縣,花蓮市,國裕里,一般住宅/非核心商業區,否,否,289,19,183,63.32,1473297189,5097914,麵店、小吃店,5292530.42
2018,花蓮縣,花蓮市,國防里,一般住宅/非核心商業區,否,否,43,0,23,53.49,98791000,2297465,未分類其他土木工程,564174.22
2018,花蓮縣,花蓮市,國風里,一般住宅/非核心商業區,否,否,185,10,97,52.43,292357800,1580312,民宿,2234011.28
2018,花蓮縣,花蓮市,國魂里,一般住宅/非核心商業區,否,否,130,5,70,53.85,886370300,6818233,麵店、小吃店,2401953.99
2018,花蓮縣,花蓮市,市區其他未標示里,一般住宅/非核心商業區,否,否,113,1,10,8.85,34790290,307878,農產品（家畜及家禽肉品）批發市場承銷,235748.37
2018,花蓮縣,花蓮市,民主里,金三角與東大門核心交會區,是,是,393,7,22,5.6,153706000,391109,餐食攤販,608883.57
2018,花蓮縣,花蓮市,民享里,一般住宅/非核心商業區,否,否,96,5,63,65.62,217079000,2261239,民宿,1482759.27
2018,花蓮縣,花蓮市,民勤里,一般住宅/非核心商業區,否,否,107,6,52,48.6,225291001,2105523,麵店、小吃店,1277789.89
2018,花蓮縣,花蓮市,民孝里,一般住宅/非核心商業區,否,否,149,4,69,46.31,639019499,4288721,水產品零售,2093202.97
2018,花蓮縣,花蓮市,民德里,一般住宅/非核心商業區,否,否,62,4,38,61.29,193345726,3118479,麵店、小吃店,967342.13
2018,花蓮縣,花蓮市,民心里,一般住宅/非核心商業區,否,否,181,4,166,91.71,2547168200,14072752,石材家具及其製品製造,6216670.65
2018,花蓮縣,花蓮市,民意里,一般住宅/非核心商業區,否,否,60,2,34,56.67,329467000,5491116,麵店、小吃店,1048491.91
2018,花蓮縣,花蓮市,民政里,一般住宅/非核心商業區,否,否,108,8,57,52.78,290657848,2691276,不動產投資開發,1451760.72
2018,花蓮縣,花蓮市,民族里,金三角與東大門核心交會區,是,是,92,6,39,42.39,525919350,5716514,麵店、小吃店,1375750.1
2018,花蓮縣,花蓮市,民有里,一般住宅/非核心商業區,否,否,10,0,3,30.0,1375000,137500,民宿,60127.58
2018,花蓮縣,花蓮市,民樂里,一般住宅/非核心商業區,否,否,14,1,8,57.14,33097000,2364071,冷凍、通風、空調系統裝修工程,194755.16
2018,花蓮縣,花蓮市,民權里,一般住宅/非核心商業區,否,否,16,2,9,56.25,27704000,1731500,民宿,207955.31
2018,花蓮縣,花蓮市,民治里,一般住宅/非核心商業區,否,否,2,0,0,0.0,70000,35000,畜肉零售,81.86
2018,花蓮縣,花蓮市,民生里,金三角與東大門核心交會區,是,是,230,3,86,37.39,370837000,1612334,服裝零售,2111210.22
2018,花蓮縣,花蓮市,民立里,一般住宅/非核心商業區,否,否,57,1,39,68.42,677215140,11880967,醫療耗材零售,1552670.77
2018,花蓮縣,花蓮市,民運里,一般住宅/非核心商業區,否,否,137,6,50,36.5,373207000,2724138,麵店、小吃店,1411745.2
2019,花蓮縣,花蓮市,主信里,一般住宅/非核心商業區,否,否,71,3,37,52.11,134080000,1888450,麵店、小吃店,864221.38
2019,花蓮縣,花蓮市,主力里,金三角商圈,是,否,216,9,125,57.87,434727000,2012625,美髮院及髮廊,2898034.68
2019,花蓮縣,花蓮市,主勤里,金三角商圈,是,否,96,4,45,46.88,84289000,878010,未分類其他服飾品零售,957678.21
2019,花蓮縣,花蓮市,主和里,一般住宅/非核心商業區,否,否,140,4,74,52.86,230739500,1648139,麵店、小吃店,1684077.59
2019,花蓮縣,花蓮市,主商里,金三角與東大門核心交會區,是,是,108,4,49,45.37,1116025000,10333564,服裝零售,2257132.49
2019,花蓮縣,花蓮市,主學里,金三角商圈,是,否,120,5,52,43.33,173937000,1449475,麵店、小吃店,1197390.71
2019,花蓮縣,花蓮市,主安里,金三角商圈,是,否,111,4,52,46.85,271439000,2445396,麵店、小吃店,1312987.57
2019,花蓮縣,花蓮市,主工里,金三角與東大門核心交會區,是,是,98,4,46,46.94,246618000,2516510,麵店、小吃店,1169193.98
2019,花蓮縣,花蓮市,主權里,一般住宅/非核心商業區,否,否,252,24,132,52.38,374360999,1485559,麵店、小吃店,2959892.92
2019,花蓮縣,花蓮市,主睦里,一般住宅/非核心商業區,否,否,94,5,40,42.55,152328000,1620510,未分類其他家用器具及用品零售,943039.02
2019,花蓮縣,花蓮市,主義里,一般住宅/非核心商業區,否,否,33,2,14,42.42,10166000,308060,梭織服裝訂製,278907.11
2019,花蓮縣,花蓮市,主計里,金三角商圈,是,否,79,4,31,39.24,184264000,2332455,水產品零售,809352.55
2019,花蓮縣,花蓮市,主農里,一般住宅/非核心商業區,否,否,161,15,82,50.93,217017900,1347937,麵店、小吃店,1820297.74
2019,花蓮縣,花蓮市,國光里,一般住宅/非核心商業區,否,否,90,3,42,46.67,77810000,864555,民宿,892813.71
2019,花蓮縣,花蓮市,國威里,金三角商圈,是,否,184,7,90,48.91,494689000,2688527,麵店、小吃店,2301988.54
2019,花蓮縣,花蓮市,國安里,一般住宅/非核心商業區,否,否,110,6,59,53.64,226953000,2063209,麵店、小吃店,1393672.89
2019,花蓮縣,花蓮市,國富里,一般住宅/非核心商業區,否,否,325,14,160,49.23,406169900,1249753,麵店、小吃店,3531313.97
2019,花蓮縣,花蓮市,國強里,一般住宅/非核心商業區,否,否,69,1,46,66.67,195664000,2835710,其他汽車維修,1108783.71
2019,花蓮縣,花蓮市,國慶里,一般住宅/非核心商業區,否,否,109,6,69,63.3,2578944645,23660042,汽車零件、汽車百貨零售,4372767.93
2019,花蓮縣,花蓮市,國治里,一般住宅/非核心商業區,否,否,132,12,60,45.45,100556400,761790,麵店、小吃店,1262880.08
2019,花蓮縣,花蓮市,國盛里,一般住宅/非核心商業區,否,否,206,15,115,55.83,485225120,2355461,民宿,2767294.13
2019,花蓮縣,花蓮市,國福里,一般住宅/非核心商業區,否,否,35,2,21,60.0,28310000,808857,未分類其他家用器具及用品零售,433845.59
2019,花蓮縣,花蓮市,國聯里,一般住宅/非核心商業區,否,否,384,26,230,59.9,2236560840,5824377,民宿,7035669.31
2019,花蓮縣,花蓮市,國興里,一般住宅/非核心商業區,否,否,165,16,83,50.3,245338800,1486901,麵店、小吃店,1872935.59
2019,花蓮縣,花蓮市,國華里,一般住宅/非核心商業區,否,否,117,8,48,41.03,182055606,1556030,麵店、小吃店,1130771.87
2019,花蓮縣,花蓮市,國裕里,一般住宅/非核心商業區,否,否,308,19,193,62.66,1506380077,4890844,麵店、小吃店,5464720.13
2019,花蓮縣,花蓮市,國防里,一般住宅/非核心商業區,否,否,45,2,24,53.33,101801000,2262244,未分類其他土木工程,578158.47
2019,花蓮縣,花蓮市,國風里,一般住宅/非核心商業區,否,否,195,10,101,51.79,308925800,1584234,民宿,2291421.94
2019,花蓮縣,花蓮市,國魂里,一般住宅/非核心商業區,否,否,138,8,73,52.9,887298600,6429700,麵店、小吃店,2443422.82
2019,花蓮縣,花蓮市,市區其他未標示里,一般住宅/非核心商業區,否,否,116,3,11,9.48,34813290,300114,農產品（家畜及家禽肉品）批發市場承銷,250945.46
2019,花蓮縣,花蓮市,民主里,金三角與東大門核心交會區,是,是,400,7,24,6.0,169022000,422555,餐食攤販,657854.64
2019,花蓮縣,花蓮市,民享里,一般住宅/非核心商業區,否,否,103,7,64,62.14,219522000,2131281,民宿,1480167.97
2019,花蓮縣,花蓮市,民勤里,一般住宅/非核心商業區,否,否,117,10,60,51.28,235499001,2012811,麵店、小吃店,1422865.92
2019,花蓮縣,花蓮市,民孝里,一般住宅/非核心商業區,否,否,157,8,75,47.77,640952499,4082499,水產品零售,2189480.78
2019,花蓮縣,花蓮市,民德里,一般住宅/非核心商業區,否,否,66,4,41,62.12,231195726,3502965,麵店、小吃店,1055604.4
2019,花蓮縣,花蓮市,民心里,一般住宅/非核心商業區,否,否,181,0,166,91.71,2547168200,14072752,石材家具及其製品製造,6184014.46
2019,花蓮縣,花蓮市,民意里,一般住宅/非核心商業區,否,否,62,2,35,56.45,329970000,5322096,麵店、小吃店,1058343.45
2019,花蓮縣,花蓮市,民政里,一般住宅/非核心商業區,否,否,118,10,64,54.24,364252848,3086888,不動產投資開發,1651758.61
2019,花蓮縣,花蓮市,民族里,金三角與東大門核心交會區,是,是,98,6,44,44.9,545707350,5568442,麵店、小吃店,1485667.59
2019,花蓮縣,花蓮市,民有里,一般住宅/非核心商業區,否,否,10,0,3,30.0,1375000,137500,民宿,58813.28
2019,花蓮縣,花蓮市,民樂里,一般住宅/非核心商業區,否,否,17,3,9,52.94,33797000,1988058,冷凍、通風、空調系統裝修工程,211618.49
2019,花蓮縣,花蓮市,民權里,一般住宅/非核心商業區,否,否,16,0,9,56.25,27704000,1731500,民宿,204394.73
2019,花蓮縣,花蓮市,民治里,一般住宅/非核心商業區,否,否,2,0,0,0.0,70000,35000,畜肉零售,82.99
2019,花蓮縣,花蓮市,民生里,金三角與東大門核心交會區,是,是,240,10,88,36.67,376648000,1569366,服裝零售,2123918.9
2019,花蓮縣,花蓮市,民立里,一般住宅/非核心商業區,否,否,61,4,41,67.21,685563140,11238740,醫療耗材零售,1594295.34
2019,花蓮縣,花蓮市,民運里,一般住宅/非核心商業區,否,否,146,9,55,37.67,410894000,2814342,麵店、小吃店,1535506.34
2020,花蓮縣,花蓮市,主信里,一般住宅/非核心商業區,否,否,77,6,40,51.95,204763000,2659259,麵店、小吃店,898838.16
2020,花蓮縣,花蓮市,主力里,金三角商圈,是,否,228,12,128,56.14,440392000,1931543,美髮院及髮廊,2641682.68
2020,花蓮縣,花蓮市,主勤里,金三角商圈,是,否,99,3,46,46.46,84794000,856505,未分類其他服飾品零售,869129.01
2020,花蓮縣,花蓮市,主和里,一般住宅/非核心商業區,否,否,145,5,76,52.41,231059500,1593513,麵店、小吃店,1535279.21
2020,花蓮縣,花蓮市,主商里,金三角與東大門核心交會區,是,是,120,12,52,43.33,1118434000,9320283,服裝零售,2099073.22
2020,花蓮縣,花蓮市,主學里,金三角商圈,是,否,127,7,53,41.73,174607000,1374858,麵店、小吃店,1085367.17
2020,花蓮縣,花蓮市,主安里,金三角商圈,是,否,116,5,56,48.28,278237000,2398594,麵店、小吃店,1249167.19
2020,花蓮縣,花蓮市,主工里,金三角與東大門核心交會區,是,是,107,9,50,46.73,248866000,2325850,麵店、小吃店,1115808.42
2020,花蓮縣,花蓮市,主權里,一般住宅/非核心商業區,否,否,274,22,140,51.09,409313999,1493846,麵店、小吃店,2810323.62
2020,花蓮縣,花蓮市,主睦里,一般住宅/非核心商業區,否,否,96,2,40,41.67,152381000,1587302,未分類其他家用器具及用品零售,841641.0
2020,花蓮縣,花蓮市,主義里,一般住宅/非核心商業區,否,否,37,4,16,43.24,10621000,287054,梭織服裝訂製,281698.33
2020,花蓮縣,花蓮市,主計里,金三角商圈,是,否,84,5,33,39.29,186616000,2221619,水產品零售,760853.82
2020,花蓮縣,花蓮市,主農里,一般住宅/非核心商業區,否,否,171,10,89,52.05,253532900,1482648,麵店、小吃店,1779275.53
2020,花蓮縣,花蓮市,國光里,一般住宅/非核心商業區,否,否,93,3,44,47.31,78830000,847634,麵店、小吃店,828854.15
2020,花蓮縣,花蓮市,國威里,金三角商圈,是,否,201,17,99,49.25,500879000,2491935,麵店、小吃店,2218171.8
2020,花蓮縣,花蓮市,國安里,一般住宅/非核心商業區,否,否,116,6,64,55.17,236051000,2034922,麵店、小吃店,1338153.79
2020,花蓮縣,花蓮市,國富里,一般住宅/非核心商業區,否,否,338,13,164,48.52,409423900,1211313,麵店、小吃店,3215595.14
2020,花蓮縣,花蓮市,國強里,一般住宅/非核心商業區,否,否,75,6,51,68.0,198664000,2648853,其他汽車維修,1077872.96
2020,花蓮縣,花蓮市,國慶里,一般住宅/非核心商業區,否,否,120,11,73,60.83,2583755645,21531297,民宿,4053600.67
2020,花蓮縣,花蓮市,國治里,一般住宅/非核心商業區,否,否,141,9,62,43.97,116617400,827073,麵店、小吃店,1173978.75
2020,花蓮縣,花蓮市,國盛里,一般住宅/非核心商業區,否,否,227,21,124,54.63,495067120,2180912,民宿,2633858.5
2020,花蓮縣,花蓮市,國福里,一般住宅/非核心商業區,否,否,37,2,22,59.46,28515000,770675,未分類其他家用器具及用品零售,402525.1
2020,花蓮縣,花蓮市,國聯里,一般住宅/非核心商業區,否,否,407,23,245,60.2,2241111840,5506417,民宿,6583045.53
2020,花蓮縣,花蓮市,國興里,一般住宅/非核心商業區,否,否,190,25,97,51.05,256976800,1352509,麵店、小吃店,1918086.51
2020,花蓮縣,花蓮市,國華里,一般住宅/非核心商業區,否,否,126,9,53,42.06,185885606,1475282,麵店、小吃店,1097682.55
2020,花蓮縣,花蓮市,國裕里,一般住宅/非核心商業區,否,否,328,20,202,61.59,1512776077,4612122,麵店、小吃店,5061861.77
2020,花蓮縣,花蓮市,國防里,一般住宅/非核心商業區,否,否,52,7,26,50.0,106712000,2052153,未分類其他土木工程,555435.54
2020,花蓮縣,花蓮市,國風里,一般住宅/非核心商業區,否,否,214,19,110,51.4,322369320,1506398,餐廳,2208947.24
2020,花蓮縣,花蓮市,國魂里,一般住宅/非核心商業區,否,否,148,10,80,54.05,929996600,6283760,麵店、小吃店,2365990.66
2020,花蓮縣,花蓮市,市區其他未標示里,一般住宅/非核心商業區,否,否,126,10,13,10.32,40282290,319700,農產品（家畜及家禽肉品）批發市場承銷,263442.27
2020,花蓮縣,花蓮市,民主里,金三角與東大門核心交會區,是,是,409,9,24,5.87,170341000,416481,餐食攤販,591150.94
2020,花蓮縣,花蓮市,民享里,一般住宅/非核心商業區,否,否,111,8,69,62.16,259226000,2335369,民宿,1447865.7
2020,花蓮縣,花蓮市,民勤里,一般住宅/非核心商業區,否,否,124,7,63,50.81,245657001,1981104,麵店、小吃店,1331761.5
2020,花蓮縣,花蓮市,民孝里,一般住宅/非核心商業區,否,否,163,6,77,47.24,641573499,3936033,水產品零售,2000410.62
2020,花蓮縣,花蓮市,民德里,一般住宅/非核心商業區,否,否,70,4,43,61.43,232695726,3324224,麵店、小吃店,979982.51
2020,花蓮縣,花蓮市,民心里,一般住宅/非核心商業區,否,否,183,2,167,91.26,2576368200,14078514,石材家具及其製品製造,5632377.58
2020,花蓮縣,花蓮市,民意里,一般住宅/非核心商業區,否,否,64,2,36,56.25,335170000,5237031,麵店、小吃店,973707.44
2020,花蓮縣,花蓮市,民政里,一般住宅/非核心商業區,否,否,135,17,73,54.07,391895848,2902932,不動產投資開發,1660256.34
2020,花蓮縣,花蓮市,民族里,金三角與東大門核心交會區,是,是,103,5,49,47.57,553027350,5369197,麵店、小吃店,1431048.18
2020,花蓮縣,花蓮市,民有里,一般住宅/非核心商業區,否,否,14,4,4,28.57,2020000,144285,民宿,69730.94
2020,花蓮縣,花蓮市,民樂里,一般住宅/非核心商業區,否,否,21,4,13,61.9,39597000,1885571,其他未分類專業、科學及技術服務,262693.99
2020,花蓮縣,花蓮市,民權里,一般住宅/非核心商業區,否,否,19,3,11,57.89,28124000,1480210,民宿,216403.72
2020,花蓮縣,花蓮市,民治里,一般住宅/非核心商業區,否,否,2,0,0,0.0,70000,35000,畜肉零售,76.43
2020,花蓮縣,花蓮市,民生里,金三角與東大門核心交會區,是,是,254,14,90,35.43,378902000,1491740,服裝零售,1933050.37
2020,花蓮縣,花蓮市,民立里,一般住宅/非核心商業區,否,否,64,3,44,68.75,685863140,10716611,直營連鎖式便利商店,1491688.2
2020,花蓮縣,花蓮市,民運里,一般住宅/非核心商業區,否,否,153,7,57,37.25,412410000,2695490,麵店、小吃店,1412555.23
2021,花蓮縣,花蓮市,主信里,一般住宅/非核心商業區,否,否,85,8,42,49.41,206083000,2424505,麵店、小吃店,918513.33
2021,花蓮縣,花蓮市,主力里,金三角商圈,是,否,249,21,135,54.22,493155000,1980542,美髮院及髮廊,2763054.81
2021,花蓮縣,花蓮市,主勤里,金三角商圈,是,否,114,15,52,45.61,87836000,770491,未分類其他服飾品零售,950067.66
2021,花蓮縣,花蓮市,主和里,一般住宅/非核心商業區,否,否,159,14,81,50.94,236497166,1487403,麵店、小吃店,1591399.29
2021,花蓮縣,花蓮市,主商里,金三角與東大門核心交會區,是,是,128,8,53,41.41,1119402000,8745328,服裝零售,2120244.3
2021,花蓮縣,花蓮市,主學里,金三角商圈,是,否,137,10,57,41.61,176713000,1289875,麵店、小吃店,1131381.78
2021,花蓮縣,花蓮市,主安里,金三角商圈,是,否,123,7,58,47.15,278745000,2266219,麵店、小吃店,1261884.7
2021,花蓮縣,花蓮市,主工里,金三角與東大門核心交會區,是,是,116,9,53,45.69,256210888,2208714,麵店、小吃店,1154774.38
2021,花蓮縣,花蓮市,主權里,一般住宅/非核心商業區,否,否,301,27,153,50.83,419299599,1393021,麵店、小吃店,2975310.51
2021,花蓮縣,花蓮市,主睦里,一般住宅/非核心商業區,否,否,104,8,41,39.42,153184000,1472923,未分類其他家用器具及用品零售,842965.14
2021,花蓮縣,花蓮市,主義里,一般住宅/非核心商業區,否,否,39,2,17,43.59,10851000,278230,梭織服裝訂製,290617.66
2021,花蓮縣,花蓮市,主計里,金三角商圈,是,否,93,9,35,37.63,192894000,2074129,畜肉零售,789092.96
2021,花蓮縣,花蓮市,主農里,一般住宅/非核心商業區,否,否,181,10,95,52.49,277593900,1533667,麵店、小吃店,1866702.78
2021,花蓮縣,花蓮市,國光里,一般住宅/非核心商業區,否,否,94,1,44,46.81,78880000,839148,麵店、小吃店,809000.62
2021,花蓮縣,花蓮市,國威里,金三角商圈,是,否,219,18,108,49.32,505578001,2308575,麵店、小吃店,2334656.54
2021,花蓮縣,花蓮市,國安里,一般住宅/非核心商業區,否,否,120,4,68,56.67,237651000,1980425,麵店、小吃店,1379733.82
2021,花蓮縣,花蓮市,國富里,一般住宅/非核心商業區,否,否,357,19,171,47.9,428739800,1200951,麵店、小吃店,3280731.44
2021,花蓮縣,花蓮市,國強里,一般住宅/非核心商業區,否,否,78,3,52,66.67,199172000,2553487,其他汽車維修,1074595.77
2021,花蓮縣,花蓮市,國慶里,一般住宅/非核心商業區,否,否,123,3,75,60.98,2584215645,21009883,民宿,4119009.6
2021,花蓮縣,花蓮市,國治里,一般住宅/非核心商業區,否,否,155,14,68,43.87,118535400,764744,麵店、小吃店,1246504.32
2021,花蓮縣,花蓮市,國盛里,一般住宅/非核心商業區,否,否,257,30,141,54.86,524448120,2040654,民宿,2896343.21
2021,花蓮縣,花蓮市,國福里,一般住宅/非核心商業區,否,否,44,7,28,63.64,29407000,668340,未分類其他家用器具及用品零售,491565.9
2021,花蓮縣,花蓮市,國聯里,一般住宅/非核心商業區,否,否,437,30,260,59.5,2260107840,5171871,民宿,6787026.39
2021,花蓮縣,花蓮市,國興里,一般住宅/非核心商業區,否,否,208,18,112,53.85,279401800,1343277,麵店、小吃店,2147205.84
2021,花蓮縣,花蓮市,國華里,一般住宅/非核心商業區,否,否,146,20,63,43.15,197374606,1351880,麵店、小吃店,1252778.96
2021,花蓮縣,花蓮市,國裕里,一般住宅/非核心商業區,否,否,355,27,211,59.44,1536326077,4327679,麵店、小吃店,5174803.97
2021,花蓮縣,花蓮市,國防里,一般住宅/非核心商業區,否,否,55,3,28,50.91,106862000,1942945,未分類其他土木工程,578198.48
2021,花蓮縣,花蓮市,國風里,一般住宅/非核心商業區,否,否,227,13,112,49.34,323180320,1423701,餐廳,2196171.64
2021,花蓮縣,花蓮市,國魂里,一般住宅/非核心商業區,否,否,164,16,90,54.88,939255600,5727168,麵店、小吃店,2524858.07
2021,花蓮縣,花蓮市,市區其他未標示里,一般住宅/非核心商業區,否,否,136,10,14,10.29,40663290,298994,農產品（家畜及家禽肉品）批發市場承銷,274818.69
2021,花蓮縣,花蓮市,民主里,金三角與東大門核心交會區,是,是,431,22,32,7.42,177928900,412828,餐食攤販,723210.96
2021,花蓮縣,花蓮市,民享里,一般住宅/非核心商業區,否,否,121,10,74,61.16,270747000,2237578,民宿,1515038.73
2021,花蓮縣,花蓮市,民勤里,一般住宅/非核心商業區,否,否,135,11,66,48.89,254225001,1883148,麵店、小吃店,1365509.2
2021,花蓮縣,花蓮市,民孝里,一般住宅/非核心商業區,否,否,176,13,84,47.73,650286499,3694809,水產品零售,2103361.87
2021,花蓮縣,花蓮市,民德里,一般住宅/非核心商業區,否,否,80,10,48,60.0,233515726,2918946,麵店、小吃店,1047483.93
2021,花蓮縣,花蓮市,民心里,一般住宅/非核心商業區,否,否,189,6,173,91.53,2614611200,13833921,石材家具及其製品製造,5758367.4
2021,花蓮縣,花蓮市,民意里,一般住宅/非核心商業區,否,否,75,11,41,54.67,352327999,4697706,麵店、小吃店,1065705.55
2021,花蓮縣,花蓮市,民政里,一般住宅/非核心商業區,否,否,153,18,84,54.9,438330848,2864907,不動產投資開發,1866291.77
2021,花蓮縣,花蓮市,民族里,金三角與東大門核心交會區,是,是,111,8,51,45.95,555640350,5005768,麵店、小吃店,1456920.53
2021,花蓮縣,花蓮市,民有里,一般住宅/非核心商業區,否,否,20,6,5,25.0,2628000,131400,民宿,84845.55
2021,花蓮縣,花蓮市,民樂里,一般住宅/非核心商業區,否,否,26,5,16,61.54,41156000,1582923,其他未分類專業、科學及技術服務,308132.25
2021,花蓮縣,花蓮市,民權里,一般住宅/非核心商業區,否,否,19,0,11,57.89,28124000,1480210,民宿,211649.94
2021,花蓮縣,花蓮市,民治里,一般住宅/非核心商業區,否,否,2,0,0,0.0,70000,35000,畜肉零售,78.29
2021,花蓮縣,花蓮市,民生里,金三角與東大門核心交會區,是,是,266,12,93,34.96,380045880,1428743,服裝零售,1948531.75
2021,花蓮縣,花蓮市,民立里,一般住宅/非核心商業區,否,否,69,5,47,68.12,686813140,9953813,直營連鎖式便利商店,1538110.95
2021,花蓮縣,花蓮市,民運里,一般住宅/非核心商業區,否,否,175,22,68,38.86,419159168,2395195,麵店、小吃店,1582748.75
2022,花蓮縣,花蓮市,主信里,一般住宅/非核心商業區,否,否,88,3,44,50.0,206483000,2346397,麵店、小吃店,968272.98
2022,花蓮縣,花蓮市,主力里,金三角商圈,是,否,264,15,142,53.79,500435000,1895587,餐廳,2929296.19
2022,花蓮縣,花蓮市,主勤里,金三角商圈,是,否,121,7,55,45.45,88391000,730504,餐廳,1010312.05
2022,花蓮縣,花蓮市,主和里,一般住宅/非核心商業區,否,否,168,9,86,51.19,237749166,1415173,麵店、小吃店,1697079.25
2022,花蓮縣,花蓮市,主商里,金三角與東大門核心交會區,是,是,137,9,56,40.88,1120680000,8180145,服裝零售,2243477.84
2022,花蓮縣,花蓮市,主學里,金三角商圈,是,否,148,11,61,41.22,179766000,1214635,麵店、小吃店,1216860.41
2022,花蓮縣,花蓮市,主安里,金三角商圈,是,否,133,10,61,45.86,280180000,2106616,麵店、小吃店,1335211.74
2022,花蓮縣,花蓮市,主工里,金三角與東大門核心交會區,是,是,121,5,57,47.11,260220888,2150585,麵店、小吃店,1245786.79
2022,花蓮縣,花蓮市,主權里,一般住宅/非核心商業區,否,否,321,20,163,50.78,474542599,1478325,麵店、小吃店,3244755.98
2022,花蓮縣,花蓮市,主睦里,一般住宅/非核心商業區,否,否,105,1,41,39.05,153384000,1460800,未分類其他家用器具及用品零售,856263.35
2022,花蓮縣,花蓮市,主義里,一般住宅/非核心商業區,否,否,40,1,17,42.5,10951000,273775,梭織服裝訂製,292984.2
2022,花蓮縣,花蓮市,主計里,金三角商圈,是,否,100,7,38,38.0,194636000,1946360,民宿,855459.0
2022,花蓮縣,花蓮市,主農里,一般住宅/非核心商業區,否,否,192,11,102,53.12,287259900,1496145,麵店、小吃店,2019036.14
2022,花蓮縣,花蓮市,國光里,一般住宅/非核心商業區,否,否,107,13,51,47.66,83001000,775710,麵店、小吃店,938058.74
2022,花蓮縣,花蓮市,國威里,金三角商圈,是,否,230,11,113,49.13,520241001,2261917,麵店、小吃店,2474861.82
2022,花蓮縣,花蓮市,國安里,一般住宅/非核心商業區,否,否,124,4,70,56.45,238011000,1919443,麵店、小吃店,1433785.98
2022,花蓮縣,花蓮市,國富里,一般住宅/非核心商業區,否,否,379,22,182,48.02,439424800,1159432,麵店、小吃店,3516392.18
2022,花蓮縣,花蓮市,國強里,一般住宅/非核心商業區,否,否,88,10,58,65.91,202097777,2296565,其他汽車維修,1193756.04
2022,花蓮縣,花蓮市,國慶里,一般住宅/非核心商業區,否,否,128,5,79,61.72,2585865645,20202075,民宿,4349322.82
2022,花蓮縣,花蓮市,國治里,一般住宅/非核心商業區,否,否,161,6,72,44.72,121400400,754039,麵店、小吃店,1329295.03
2022,花蓮縣,花蓮市,國盛里,一般住宅/非核心商業區,否,否,280,23,153,54.64,538250120,1922321,民宿,3155092.65
2022,花蓮縣,花蓮市,國福里,一般住宅/非核心商業區,否,否,49,5,32,65.31,30457000,621571,未分類其他家用器具及用品零售,563101.39
2022,花蓮縣,花蓮市,國聯里,一般住宅/非核心商業區,否,否,458,21,270,58.95,2268850840,4953822,民宿,7122425.78
2022,花蓮縣,花蓮市,國興里,一般住宅/非核心商業區,否,否,224,16,118,52.68,283732800,1266664,麵店、小吃店,2278480.85
2022,花蓮縣,花蓮市,國華里,一般住宅/非核心商業區,否,否,158,12,68,43.04,202610606,1282345,麵店、小吃店,1359111.65
2022,花蓮縣,花蓮市,國裕里,一般住宅/非核心商業區,否,否,387,32,233,60.21,1566941077,4048943,麵店、小吃店,5685551.9
2022,花蓮縣,花蓮市,國防里,一般住宅/非核心商業區,否,否,59,4,31,52.54,116387000,1972661,未分類其他土木工程,647906.27
2022,花蓮縣,花蓮市,國風里,一般住宅/非核心商業區,否,否,247,20,121,48.99,332831320,1347495,餐廳,2385775.37
2022,花蓮縣,花蓮市,國魂里,一般住宅/非核心商業區,否,否,175,11,98,56.0,949943500,5428248,麵店、小吃店,2734196.95
2022,花蓮縣,花蓮市,市區其他未標示里,一般住宅/非核心商業區,否,否,145,9,18,12.41,41003290,282781,農產品（家畜及家禽肉品）批發市場承銷,344879.97
2022,花蓮縣,花蓮市,民主里,金三角與東大門核心交會區,是,是,436,5,34,7.8,178598900,409630,餐食攤販,770656.67
2022,花蓮縣,花蓮市,民享里,一般住宅/非核心商業區,否,否,128,7,77,60.16,272212000,2126656,民宿,1589422.25
2022,花蓮縣,花蓮市,民勤里,一般住宅/非核心商業區,否,否,150,15,75,50.0,256513001,1710086,麵店、小吃店,1537968.65
2022,花蓮縣,花蓮市,民孝里,一般住宅/非核心商業區,否,否,186,10,92,49.46,665531499,3578126,水產品零售,2300128.65
2022,花蓮縣,花蓮市,民德里,一般住宅/非核心商業區,否,否,88,8,51,57.95,234465726,2664383,麵店、小吃店,1116580.18
2022,花蓮縣,花蓮市,民心里,一般住宅/非核心商業區,否,否,194,5,176,90.72,2677411200,13801088,石材家具及其製品製造,6055307.84
2022,花蓮縣,花蓮市,民意里,一般住宅/非核心商業區,否,否,78,3,44,56.41,357027999,4577282,麵店、小吃店,1145710.4
2022,花蓮縣,花蓮市,民政里,一般住宅/非核心商業區,否,否,164,11,88,53.66,442891848,2700560,不動產投資開發,1971817.57
2022,花蓮縣,花蓮市,民族里,金三角與東大門核心交會區,是,是,119,8,55,46.22,590973350,4966162,麵店、小吃店,1602672.58
2022,花蓮縣,花蓮市,民有里,一般住宅/非核心商業區,否,否,21,1,5,23.81,2678000,127523,民宿,85531.97
2022,花蓮縣,花蓮市,民樂里,一般住宅/非核心商業區,否,否,28,2,18,64.29,41454000,1480500,其他未分類專業、科學及技術服務,345411.19
2022,花蓮縣,花蓮市,民權里,一般住宅/非核心商業區,否,否,23,4,11,47.83,28477000,1238130,民宿,214790.24
2022,花蓮縣,花蓮市,民治里,一般住宅/非核心商業區,否,否,2,0,0,0.0,70000,35000,畜肉零售,82.5
2022,花蓮縣,花蓮市,民生里,金三角與東大門核心交會區,是,是,277,11,97,35.02,380880880,1375021,服裝零售,2047005.4
2022,花蓮縣,花蓮市,民立里,一般住宅/非核心商業區,否,否,75,6,50,66.67,717713140,9569508,直營連鎖式便利商店,1669676.79
2022,花蓮縣,花蓮市,民運里,一般住宅/非核心商業區,否,否,184,9,74,40.22,425312056,2311478,麵店、小吃店,1720445.8
2023,花蓮縣,花蓮市,主信里,一般住宅/非核心商業區,否,否,92,4,44,47.83,206863000,2248510,麵店、小吃店,954754.34
2023,花蓮縣,花蓮市,主力里,金三角商圈,是,否,282,18,148,52.48,503155000,1784237,餐廳,2979681.22
2023,花蓮縣,花蓮市,主勤里,金三角商圈,是,否,136,15,60,44.12,95756000,704088,餐廳,1077783.87
2023,花蓮縣,花蓮市,主和里,一般住宅/非核心商業區,否,否,182,14,94,51.65,241696054,1328000,麵店、小吃店,1798816.59
2023,花蓮縣,花蓮市,主商里,金三角與東大門核心交會區,是,是,153,16,63,41.18,1124116000,7347163,服裝零售,2363024.85
2023,花蓮縣,花蓮市,主學里,金三角商圈,是,否,163,15,65,39.88,234156000,1436539,麵店、小吃店,1324494.15
2023,花蓮縣,花蓮市,主安里,金三角商圈,是,否,146,13,69,47.26,294626999,2017993,麵店、小吃店,1461413.09
2023,花蓮縣,花蓮市,主工里,金三角與東大門核心交會區,是,是,128,7,61,47.66,263890888,2061647,麵店、小吃店,1296092.4
2023,花蓮縣,花蓮市,主權里,一般住宅/非核心商業區,否,否,347,26,175,50.43,486577599,1402240,麵店、小吃店,3392904.16
2023,花蓮縣,花蓮市,主睦里,一般住宅/非核心商業區,否,否,111,6,44,39.64,159582000,1437675,未分類其他家用器具及用品零售,897875.56
2023,花蓮縣,花蓮市,主義里,一般住宅/非核心商業區,否,否,41,1,18,43.9,12151000,296365,梭織服裝訂製,303394.57
2023,花蓮縣,花蓮市,主計里,金三角商圈,是,否,107,7,41,38.32,196181000,1833467,民宿,893774.46
2023,花蓮縣,花蓮市,主農里,一般住宅/非核心商業區,否,否,204,12,108,52.94,313359900,1536077,麵店、小吃店,2109632.12
2023,花蓮縣,花蓮市,國光里,一般住宅/非核心商業區,否,否,113,6,55,48.67,83911000,742575,民宿,983318.58
2023,花蓮縣,花蓮市,國威里,金三角商圈,是,否,240,10,115,47.92,526962001,2195675,麵店、小吃店,2478896.45
2023,花蓮縣,花蓮市,國安里,一般住宅/非核心商業區,否,否,129,5,73,56.59,248709000,1927976,麵店、小吃店,1470346.65
2023,花蓮縣,花蓮市,國富里,一般住宅/非核心商業區,否,否,404,25,190,47.03,445762800,1103373,麵店、小吃店,3584451.66
2023,花蓮縣,花蓮市,國強里,一般住宅/非核心商業區,否,否,91,3,59,64.84,202347777,2223601,其他汽車維修,1189970.04
2023,花蓮縣,花蓮市,國慶里,一般住宅/非核心商業區,否,否,133,5,82,61.65,2587415645,19454252,民宿,4428186.5
2023,花蓮縣,花蓮市,國治里,一般住宅/非核心商業區,否,否,173,12,82,47.4,145900400,843354,麵店、小吃店,1491056.96
2023,花蓮縣,花蓮市,國盛里,一般住宅/非核心商業區,否,否,304,24,164,53.95,546542000,1797835,民宿,3288566.19
2023,花蓮縣,花蓮市,國福里,一般住宅/非核心商業區,否,否,53,4,34,64.15,31057000,585981,未分類其他家用器具及用品零售,582829.03
2023,花蓮縣,花蓮市,國聯里,一般住宅/非核心商業區,否,否,496,38,292,58.87,2313729840,4664777,民宿,7468008.72
2023,花蓮縣,花蓮市,國興里,一般住宅/非核心商業區,否,否,248,24,131,52.82,298402800,1203237,麵店、小吃店,2460631.62
2023,花蓮縣,花蓮市,國華里,一般住宅/非核心商業區,否,否,172,14,72,41.86,205050606,1192154,麵店、小吃店,1401782.68
2023,花蓮縣,花蓮市,國裕里,一般住宅/非核心商業區,否,否,413,26,251,60.77,1594092077,3859787,麵店、小吃店,5944518.62
2023,花蓮縣,花蓮市,國防里,一般住宅/非核心商業區,否,否,64,5,32,50.0,116993000,1828015,未分類其他土木工程,654123.24
2023,花蓮縣,花蓮市,國風里,一般住宅/非核心商業區,否,否,275,28,128,46.55,344471220,1252622,餐廳,2467922.18
2023,花蓮縣,花蓮市,國魂里,一般住宅/非核心商業區,否,否,195,20,109,55.9,961868500,4932658,麵店、小吃店,2905827.61
2023,花蓮縣,花蓮市,市區其他未標示里,一般住宅/非核心商業區,否,否,156,11,24,15.38,44763290,286944,農產品（家畜及家禽肉品）批發市場承銷,438885.97
2023,花蓮縣,花蓮市,民主里,金三角與東大門核心交會區,是,是,438,2,34,7.76,178798900,408216,餐食攤販,760561.73
2023,花蓮縣,花蓮市,民享里,一般住宅/非核心商業區,否,否,137,9,82,59.85,296942000,2167459,未分類其他土木工程,1672759.18
2023,花蓮縣,花蓮市,民勤里,一般住宅/非核心商業區,否,否,165,15,84,50.91,260056001,1576096,麵店、小吃店,1660471.85
2023,花蓮縣,花蓮市,民孝里,一般住宅/非核心商業區,否,否,196,10,101,51.53,673231499,3434854,水產品零售,2430253.54
2023,花蓮縣,花蓮市,民德里,一般住宅/非核心商業區,否,否,94,6,55,58.51,251435726,2674848,麵店、小吃店,1184849.91
2023,花蓮縣,花蓮市,民心里,一般住宅/非核心商業區,否,否,203,9,185,91.13,2685568000,13229399,石材家具及其製品製造,6198709.3
2023,花蓮縣,花蓮市,民意里,一般住宅/非核心商業區,否,否,85,7,46,54.12,359040999,4224011,麵店、小吃店,1169909.98
2023,花蓮縣,花蓮市,民政里,一般住宅/非核心商業區,否,否,174,10,94,54.02,475480736,2732647,不動產投資開發,2080058.29
2023,花蓮縣,花蓮市,民族里,金三角與東大門核心交會區,是,是,126,7,58,46.03,591858350,4697288,麵店、小吃店,1642505.97
2023,花蓮縣,花蓮市,民有里,一般住宅/非核心商業區,否,否,24,3,6,25.0,9528000,397000,民宿,107721.12
2023,花蓮縣,花蓮市,民樂里,一般住宅/非核心商業區,否,否,29,1,19,65.52,41654000,1436344,其他未分類專業、科學及技術服務,354929.68
2023,花蓮縣,花蓮市,民權里,一般住宅/非核心商業區,否,否,24,1,11,45.83,28487000,1186958,民宿,210744.53
2023,花蓮縣,花蓮市,民治里,一般住宅/非核心商業區,否,否,2,0,0,0.0,70000,35000,畜肉零售,84.21
2023,花蓮縣,花蓮市,民生里,金三角與東大門核心交會區,是,是,291,14,100,34.36,382898880,1315803,服裝零售,2064941.82
2023,花蓮縣,花蓮市,民立里,一般住宅/非核心商業區,否,否,84,9,54,64.29,727801140,8664299,彩券銷售,1741871.74
2023,花蓮縣,花蓮市,民運里,一般住宅/非核心商業區,否,否,202,18,80,39.6,451548056,2235386,麵店、小吃店,1826663.09
2024,花蓮縣,花蓮市,主信里,一般住宅/非核心商業區,否,否,102,10,44,43.14,208787000,2046931,麵店、小吃店,936655.84
2024,花蓮縣,花蓮市,主力里,金三角商圈,是,否,300,18,159,53.0,509932000,1699773,餐廳,3085203.61
2024,花蓮縣,花蓮市,主勤里,金三角商圈,是,否,142,6,63,44.37,97802000,688746,餐廳,1094754.93
2024,花蓮縣,花蓮市,主和里,一般住宅/非核心商業區,否,否,193,11,102,52.85,249757054,1294078,麵店、小吃店,1884423.21
2024,花蓮縣,花蓮市,主商里,金三角與東大門核心交會區,是,是,169,16,69,40.83,1129856000,6685538,服裝零售,2451698.94
2024,花蓮縣,花蓮市,主學里,金三角商圈,是,否,173,10,70,40.46,243036000,1404832,麵店、小吃店,1380971.18
2024,花蓮縣,花蓮市,主安里,金三角商圈,是,否,151,5,74,49.01,301066999,1993821,麵店、小吃店,1513951.75
2024,花蓮縣,花蓮市,主工里,金三角與東大門核心交會區,是,是,139,11,66,47.48,275890888,1984826,麵店、小吃店,1359310.34
2024,花蓮縣,花蓮市,主權里,一般住宅/非核心商業區,否,否,367,20,183,49.86,496183499,1351998,麵店、小吃店,3439778.95
2024,花蓮縣,花蓮市,主睦里,一般住宅/非核心商業區,否,否,115,4,47,40.87,161012000,1400104,未分類其他家用器具及用品零售,924566.47
2024,花蓮縣,花蓮市,主義里,一般住宅/非核心商業區,否,否,45,4,19,42.22,12651000,281133,餐廳,309532.13
2024,花蓮縣,花蓮市,主計里,金三角商圈,是,否,113,6,44,38.94,202256000,1789876,民宿,928656.48
2024,花蓮縣,花蓮市,主農里,一般住宅/非核心商業區,否,否,220,16,117,53.18,345679899,1571272,麵店、小吃店,2234046.68
2024,花蓮縣,花蓮市,國光里,一般住宅/非核心商業區,否,否,120,7,62,51.67,90671000,755591,民宿,1070545.05
2024,花蓮縣,花蓮市,國威里,金三角商圈,是,否,260,20,121,46.54,532931001,2049734,麵店、小吃店,2525299.85
2024,花蓮縣,花蓮市,國安里,一般住宅/非核心商業區,否,否,133,4,74,55.64,249208999,1873751,麵店、小吃店,1450434.54
2024,花蓮縣,花蓮市,國富里,一般住宅/非核心商業區,否,否,436,32,207,47.48,472108800,1082818,麵店、小吃店,3781706.46
2024,花蓮縣,花蓮市,國強里,一般住宅/非核心商業區,否,否,97,6,62,63.92,203155777,2094389,其他汽車維修,1208319.74
2024,花蓮縣,花蓮市,國慶里,一般住宅/非核心商業區,否,否,142,9,88,61.97,2597414644,18291652,民宿,4543245.0
2024,花蓮縣,花蓮市,國治里,一般住宅/非核心商業區,否,否,183,10,85,46.45,147308400,804963,麵店、小吃店,1495855.51
2024,花蓮縣,花蓮市,國盛里,一般住宅/非核心商業區,否,否,331,27,181,54.68,563274900,1701736,民宿,3491003.24
2024,花蓮縣,花蓮市,國福里,一般住宅/非核心商業區,否,否,56,3,36,64.29,32503000,580410,未分類其他家用器具及用品零售,596933.01
2024,花蓮縣,花蓮市,國聯里,一般住宅/非核心商業區,否,否,536,40,315,58.77,2322825840,4333630,民宿,7719886.57
2024,花蓮縣,花蓮市,國興里,一般住宅/非核心商業區,否,否,269,21,143,53.16,301200800,1119705,麵店、小吃店,2581933.52
2024,花蓮縣,花蓮市,國華里,一般住宅/非核心商業區,否,否,193,21,81,41.97,213362494,1105505,麵店、小吃店,1514858.03
2024,花蓮縣,花蓮市,國裕里,一般住宅/非核心商業區,否,否,436,23,267,61.24,1685960077,3866880,麵店、小吃店,6197004.71
2024,花蓮縣,花蓮市,國防里,一般住宅/非核心商業區,否,否,67,3,33,49.25,118993000,1776014,未分類其他土木工程,656441.65
2024,花蓮縣,花蓮市,國風里,一般住宅/非核心商業區,否,否,302,27,145,48.01,353868108,1171748,餐廳,2677393.24
2024,花蓮縣,花蓮市,國魂里,一般住宅/非核心商業區,否,否,204,9,116,56.86,978056500,4794394,麵店、小吃店,2993124.63
2024,花蓮縣,花蓮市,市區其他未標示里,一般住宅/非核心商業區,否,否,172,16,34,19.77,46883290,272577,停車場管理,583595.17
2024,花蓮縣,花蓮市,民主里,金三角與東大門核心交會區,是,是,455,17,39,8.57,184759900,406065,餐食攤販,829848.63
2024,花蓮縣,花蓮市,民享里,一般住宅/非核心商業區,否,否,149,12,87,58.39,299703500,2011432,未分類其他土木工程,1713464.78
2024,花蓮縣,花蓮市,民勤里,一般住宅/非核心商業區,否,否,179,14,90,50.28,262184001,1464715,麵店、小吃店,1713936.65
2024,花蓮縣,花蓮市,民孝里,一般住宅/非核心商業區,否,否,208,12,105,50.48,675391499,3247074,水產品零售,2452179.74
2024,花蓮縣,花蓮市,民德里,一般住宅/非核心商業區,否,否,103,9,62,60.19,253830726,2464375,麵店、小吃店,1270387.91
2024,花蓮縣,花蓮市,民心里,一般住宅/非核心商業區,否,否,209,6,190,90.91,2701371000,12925220,石材家具及其製品製造,6249087.21
2024,花蓮縣,花蓮市,民意里,一般住宅/非核心商業區,否,否,93,8,50,53.76,360873999,3880365,麵店、小吃店,1215790.22
2024,花蓮縣,花蓮市,民政里,一般住宅/非核心商業區,否,否,189,15,102,53.97,478916736,2533950,麵店、小吃店,2165104.77
2024,花蓮縣,花蓮市,民族里,金三角與東大門核心交會區,是,是,132,6,60,45.45,594209350,4501585,麵店、小吃店,1656342.48
2024,花蓮縣,花蓮市,民有里,一般住宅/非核心商業區,否,否,27,3,6,22.22,9838000,364370,民宿,104903.6
2024,花蓮縣,花蓮市,民樂里,一般住宅/非核心商業區,否,否,31,2,21,67.74,41804000,1348516,其他未分類專業、科學及技術服務,376190.83
2024,花蓮縣,花蓮市,民權里,一般住宅/非核心商業區,否,否,26,2,12,46.15,28655000,1102115,民宿,220804.95
2024,花蓮縣,花蓮市,民治里,一般住宅/非核心商業區,否,否,2,0,0,0.0,70000,35000,畜肉零售,85.74
2024,花蓮縣,花蓮市,民生里,金三角與東大門核心交會區,是,是,314,23,109,34.71,422611023,1345894,服裝零售,2204469.22
2024,花蓮縣,花蓮市,民立里,一般住宅/非核心商業區,否,否,90,6,59,65.56,729869140,8109657,彩券銷售,1807026.98
2024,花蓮縣,花蓮市,民運里,一般住宅/非核心商業區,否,否,216,14,85,39.35,468488056,2168926,麵店、小吃店,1889245.85
2025,花蓮縣,花蓮市,主信里,一般住宅/非核心商業區,否,否,108,6,49,45.37,216087000,2000805,麵店、小吃店,1000052.69
2025,花蓮縣,花蓮市,主力里,金三角商圈,是,否,314,14,166,52.87,524178000,1669356,餐廳,3129203.19
2025,花蓮縣,花蓮市,主勤里,金三角商圈,是,否,152,10,66,43.42,98952000,651000,餐廳,1107905.02
2025,花蓮縣,花蓮市,主和里,一般住宅/非核心商業區,否,否,206,13,108,52.43,277773054,1348412,麵店、小吃店,1957131.71
2025,花蓮縣,花蓮市,主商里,金三角與東大門核心交會區,是,是,184,15,75,40.76,1132055999,6152478,餐廳,2528054.73
2025,花蓮縣,花蓮市,主學里,金三角商圈,是,否,182,9,70,38.46,244476000,1343274,麵店、小吃店,1348714.79
2025,花蓮縣,花蓮市,主安里,金三角商圈,是,否,160,9,82,51.25,304446999,1902793,麵店、小吃店,1602402.69
2025,花蓮縣,花蓮市,主工里,金三角與東大門核心交會區,是,是,145,6,69,47.59,277168888,1911509,麵店、小吃店,1374486.08
2025,花蓮縣,花蓮市,主權里,一般住宅/非核心商業區,否,否,388,21,192,49.48,525263387,1353771,麵店、小吃店,3518483.23
2025,花蓮縣,花蓮市,主睦里,一般住宅/非核心商業區,否,否,122,7,48,39.34,162616000,1332918,未分類其他家用器具及用品零售,918578.96
2025,花蓮縣,花蓮市,主義里,一般住宅/非核心商業區,否,否,47,2,20,42.55,13001000,276617,餐廳,314588.87
2025,花蓮縣,花蓮市,主計里,金三角商圈,是,否,123,10,49,39.84,204601000,1663422,民宿,985756.49
2025,花蓮縣,花蓮市,主農里,一般住宅/非核心商業區,否,否,232,12,123,53.02,348377899,1501628,麵店、小吃店,2268816.21
2025,花蓮縣,花蓮市,國光里,一般住宅/非核心商業區,否,否,128,8,66,51.56,93871000,733367,民宿,1101580.88
2025,花蓮縣,花蓮市,國威里,金三角商圈,是,否,272,12,126,46.32,535436001,1968514,麵店、小吃店,2546401.61
2025,花蓮縣,花蓮市,國安里,一般住宅/非核心商業區,否,否,137,4,75,54.74,250361999,1827459,麵店、小吃店,1430642.63
2025,花蓮縣,花蓮市,國富里,一般住宅/非核心商業區,否,否,452,16,213,47.12,475306800,1051563,麵店、小吃店,3769631.45
2025,花蓮縣,花蓮市,國強里,一般住宅/非核心商業區,否,否,105,8,66,62.86,205334377,1955565,其他汽車維修,1240315.25
2025,花蓮縣,花蓮市,國慶里,一般住宅/非核心商業區,否,否,146,4,90,61.64,2597967644,17794298,民宿,4576426.31
2025,花蓮縣,花蓮市,國治里,一般住宅/非核心商業區,否,否,203,20,94,46.31,152328400,750386,麵店、小吃店,1592110.46
2025,花蓮縣,花蓮市,國盛里,一般住宅/非核心商業區,否,否,371,40,204,54.99,581879900,1568409,民宿,3767995.92
2025,花蓮縣,花蓮市,國福里,一般住宅/非核心商業區,否,否,63,7,39,61.9,33455000,531031,民宿,623533.86
2025,花蓮縣,花蓮市,國聯里,一般住宅/非核心商業區,否,否,569,33,338,59.4,2327546540,4090591,民宿,7940089.91
2025,花蓮縣,花蓮市,國興里,一般住宅/非核心商業區,否,否,284,15,152,53.52,302968800,1066791,麵店、小吃店,2644987.33
2025,花蓮縣,花蓮市,國華里,一般住宅/非核心商業區,否,否,215,22,89,41.4,224068494,1042179,麵店、小吃店,1606800.97
2025,花蓮縣,花蓮市,國裕里,一般住宅/非核心商業區,否,否,473,37,289,61.1,1717026077,3630076,麵店、小吃店,6449100.38
2025,花蓮縣,花蓮市,國防里,一般住宅/非核心商業區,否,否,71,4,35,49.3,122093000,1719619,未分類其他土木工程,674176.92
2025,花蓮縣,花蓮市,國風里,一般住宅/非核心商業區,否,否,317,15,152,47.95,355704108,1122094,餐廳,2710625.03
2025,花蓮縣,花蓮市,國魂里,一般住宅/非核心商業區,否,否,217,13,122,56.22,979366499,4513209,麵店、小吃店,3039264.18
2025,花蓮縣,花蓮市,市區其他未標示里,一般住宅/非核心商業區,否,否,185,13,45,24.32,47043290,254288,停車場管理,729968.8
2025,花蓮縣,花蓮市,民主里,金三角與東大門核心交會區,是,是,475,20,42,8.84,186215900,392033,餐食攤販,858430.78
2025,花蓮縣,花蓮市,民享里,一般住宅/非核心商業區,否,否,159,10,90,56.6,301163500,1894110,未分類其他土木工程,1717678.64
2025,花蓮縣,花蓮市,民勤里,一般住宅/非核心商業區,否,否,202,23,106,52.48,265564001,1314673,麵店、小吃店,1912094.85
2025,花蓮縣,花蓮市,民孝里,一般住宅/非核心商業區,否,否,221,13,115,52.04,682641499,3088875,水產品零售,2565499.03
2025,花蓮縣,花蓮市,民德里,一般住宅/非核心商業區,否,否,110,7,65,59.09,254463726,2313306,麵店、小吃店,1286544.4
2025,花蓮縣,花蓮市,民心里,一般住宅/非核心商業區,否,否,214,5,193,90.19,2703681000,12634023,石材家具及其製品製造,6244799.89
2025,花蓮縣,花蓮市,民意里,一般住宅/非核心商業區,否,否,106,13,58,54.72,363908999,3433103,麵店、小吃店,1318324.45
2025,花蓮縣,花蓮市,民政里,一般住宅/非核心商業區,否,否,204,15,109,53.43,488204624,2393159,麵店、小吃店,2233968.5
2025,花蓮縣,花蓮市,民族里,金三角與東大門核心交會區,是,是,141,9,62,43.97,610352350,4328740,麵店、小吃店,1684744.83
2025,花蓮縣,花蓮市,民有里,一般住宅/非核心商業區,否,否,29,2,7,24.14,11898000,410275,民宿,119251.45
2025,花蓮縣,花蓮市,民樂里,一般住宅/非核心商業區,否,否,34,3,24,70.59,42902000,1261823,其他未分類專業、科學及技術服務,411486.94
2025,花蓮縣,花蓮市,民權里,一般住宅/非核心商業區,否,否,29,3,13,44.83,29005000,1000172,麵店、小吃店,230066.01
2025,花蓮縣,花蓮市,民治里,一般住宅/非核心商業區,否,否,2,0,0,0.0,70000,35000,畜肉零售,87.13
2025,花蓮縣,花蓮市,民生里,金三角與東大門核心交會區,是,是,329,15,113,34.35,424384023,1289921,服裝零售,2214214.74
2025,花蓮縣,花蓮市,民立里,一般住宅/非核心商業區,否,否,94,4,60,63.83,730457140,7770820,西點麵包零售,1804394.15
2025,花蓮縣,花蓮市,民運里,一般住宅/非核心商業區,否,否,228,12,88,38.6,472093056,2070583,麵店、小吃店,1900587.67
2026,花蓮縣,花蓮市,主信里,一般住宅/非核心商業區,否,否,111,3,49,44.14,216447000,1949972,麵店、小吃店,997422.06
2026,花蓮縣,花蓮市,主力里,金三角商圈,是,否,324,10,171,52.78,525927999,1623234,餐廳,3189300.22
2026,花蓮縣,花蓮市,主勤里,金三角商圈,是,否,159,7,69,43.4,99828000,627849,餐廳,1144115.49
2026,花蓮縣,花蓮市,主和里,一般住宅/非核心商業區,否,否,211,5,110,52.13,278224054,1318597,麵店、小吃店,1975246.57
2026,花蓮縣,花蓮市,主商里,金三角與東大門核心交會區,是,是,194,10,77,39.69,1138135999,5866680,餐廳,2581281.6
2026,花蓮縣,花蓮市,主學里,金三角商圈,是,否,193,11,75,38.86,255465999,1323658,麵店、小吃店,1430320.18
2026,花蓮縣,花蓮市,主安里,金三角商圈,是,否,168,8,86,51.19,305674999,1819494,麵店、小吃店,1656288.09
2026,花蓮縣,花蓮市,主工里,金三角與東大門核心交會區,是,是,146,1,70,47.95,277368888,1899786,麵店、小吃店,1384432.98
2026,花蓮縣,花蓮市,主權里,一般住宅/非核心商業區,否,否,408,20,202,49.51,531823387,1303488,麵店、小吃店,3653829.06
2026,花蓮縣,花蓮市,主睦里,一般住宅/非核心商業區,否,否,126,4,49,38.89,163026000,1293857,未分類其他家用器具及用品零售,929548.09
2026,花蓮縣,花蓮市,主義里,一般住宅/非核心商業區,否,否,53,6,26,49.06,14801000,279264,餐廳,402127.98
2026,花蓮縣,花蓮市,主計里,金三角商圈,是,否,133,10,57,42.86,205511000,1545195,民宿,1101472.76
2026,花蓮縣,花蓮市,主農里,一般住宅/非核心商業區,否,否,244,12,132,54.1,355937899,1458761,麵店、小吃店,2398335.66
2026,花蓮縣,花蓮市,國光里,一般住宅/非核心商業區,否,否,132,4,67,50.76,94235000,713901,民宿,1107522.96
2026,花蓮縣,花蓮市,國威里,金三角商圈,是,否,285,13,131,45.96,537104001,1884575,麵店、小吃店,2613772.81
2026,花蓮縣,花蓮市,國安里,一般住宅/非核心商業區,否,否,140,3,77,55.0,251661999,1797585,麵店、小吃店,1454973.37
2026,花蓮縣,花蓮市,國富里,一般住宅/非核心商業區,否,否,471,19,222,47.13,480523800,1020220,麵店、小吃店,3883513.98
2026,花蓮縣,花蓮市,國強里,一般住宅/非核心商業區,否,否,109,4,67,61.47,205924377,1889214,其他汽車維修,1249429.74
2026,花蓮縣,花蓮市,國慶里,一般住宅/非核心商業區,否,否,151,5,92,60.93,2598567644,17209057,民宿,4657978.53
2026,花蓮縣,花蓮市,國治里,一般住宅/非核心商業區,否,否,215,12,99,46.05,153318400,713108,麵店、小吃店,1654372.94
2026,花蓮縣,花蓮市,國盛里,一般住宅/非核心商業區,否,否,395,24,216,54.68,588249900,1489240,麵店、小吃店,3931926.16
2026,花蓮縣,花蓮市,國福里,一般住宅/非核心商業區,否,否,67,4,40,59.7,34045000,508134,民宿,632982.88
2026,花蓮縣,花蓮市,國聯里,一般住宅/非核心商業區,否,否,585,16,347,59.32,2332471540,3987130,民宿,8079400.51
2026,花蓮縣,花蓮市,國興里,一般住宅/非核心商業區,否,否,298,14,157,52.68,308458800,1035096,麵店、小吃店,2706590.58
2026,花蓮縣,花蓮市,國華里,一般住宅/非核心商業區,否,否,227,12,93,40.97,229251494,1009918,麵店、小吃店,1662390.56
2026,花蓮縣,花蓮市,國裕里,一般住宅/非核心商業區,否,否,496,23,304,61.29,1732116077,3492169,麵店、小吃店,6682663.17
2026,花蓮縣,花蓮市,國防里,一般住宅/非核心商業區,否,否,72,1,36,50.0,122193000,1697125,未分類其他土木工程,686006.49
2026,花蓮縣,花蓮市,國風里,一般住宅/非核心商業區,否,否,328,11,158,48.17,358552108,1093146,餐廳,2784979.73
2026,花蓮縣,花蓮市,國魂里,一般住宅/非核心商業區,否,否,221,4,124,56.11,981083554,4439292,麵店、小吃店,3074668.14
2026,花蓮縣,花蓮市,市區其他未標示里,一般住宅/非核心商業區,否,否,193,8,52,26.94,50646290,262416,停車場管理,830993.74
2026,花蓮縣,花蓮市,民主里,金三角與東大門核心交會區,是,是,498,23,44,8.84,188376900,378266,餐食攤販,888041.76
2026,花蓮縣,花蓮市,民享里,一般住宅/非核心商業區,否,否,172,13,98,56.98,310773500,1806822,未分類其他土木工程,1839684.1
2026,花蓮縣,花蓮市,民勤里,一般住宅/非核心商業區,否,否,216,14,117,54.17,268703001,1243995,麵店、小吃店,2066351.85
2026,花蓮縣,花蓮市,民孝里,一般住宅/非核心商業區,否,否,226,5,117,51.77,683541499,3024519,水產品零售,2593424.29
2026,花蓮縣,花蓮市,民德里,一般住宅/非核心商業區,否,否,118,8,70,59.32,263738726,2235073,麵店、小吃店,1367115.2
2026,花蓮縣,花蓮市,民心里,一般住宅/非核心商業區,否,否,219,5,197,89.95,2804431000,12805621,石材家具及其製品製造,6467571.44
2026,花蓮縣,花蓮市,民意里,一般住宅/非核心商業區,否,否,111,5,63,56.76,364657999,3285207,麵店、小吃店,1392135.8
2026,花蓮縣,花蓮市,民政里,一般住宅/非核心商業區,否,否,216,12,113,52.31,494074624,2287382,麵店、小吃店,2293724.72
2026,花蓮縣,花蓮市,民族里,金三角與東大門核心交會區,是,是,146,5,64,43.84,610562350,4181933,麵店、小吃店,1719312.39
2026,花蓮縣,花蓮市,民有里,一般住宅/非核心商業區,否,否,33,4,9,27.27,13168000,399030,民宿,149419.17
2026,花蓮縣,花蓮市,民樂里,一般住宅/非核心商業區,否,否,35,1,25,71.43,43151000,1232885,其他未分類專業、科學及技術服務,423404.85
2026,花蓮縣,花蓮市,民權里,一般住宅/非核心商業區,否,否,29,0,13,44.83,29005000,1000172,麵店、小吃店,228513.55
2026,花蓮縣,花蓮市,民治里,一般住宅/非核心商業區,否,否,2,0,0,0.0,70000,35000,畜肉零售,88.94
2026,花蓮縣,花蓮市,民生里,金三角與東大門核心交會區,是,是,339,10,116,34.22,425685023,1255708,服裝零售,2251061.95
2026,花蓮縣,花蓮市,民立里,一般住宅/非核心商業區,否,否,95,1,61,64.21,730457140,7689022,西點麵包零售,1827415.01
2026,花蓮縣,花蓮市,民運里,一般住宅/非核心商業區,否,否,233,5,91,39.06,482641056,2071420,麵店、小吃店,1954847.94
