年份,縣市,鄉鎮市區,里別,實體街區真實消費產值(百萬元),台電低壓營業用電量指數,電信人潮與停留時長指數,店面空置與業態降級率(%),地表真實街景狀態
1995,花蓮縣,花蓮市,主信里,120.0,80.0,30.0,5.0,花蓮市區一般住商混合區
1995,花蓮縣,花蓮市,主力里,650.0,100.0,80.0,2.5,金三角全盛初期，中山/中正路店面一位難求
1995,花蓮縣,花蓮市,主勤里,320.0,80.0,30.0,5.0,花蓮市區一般住商混合區
1995,花蓮縣,花蓮市,主和里,120.0,80.0,30.0,5.0,花蓮市區一般住商混合區
1995,花蓮縣,花蓮市,主商里,650.0,100.0,80.0,2.5,金三角全盛初期，中山/中正路店面一位難求
1995,花蓮縣,花蓮市,主學里,320.0,80.0,30.0,5.0,花蓮市區一般住商混合區
1995,花蓮縣,花蓮市,主安里,320.0,80.0,30.0,5.0,花蓮市區一般住商混合區
1995,花蓮縣,花蓮市,主工里,650.0,100.0,80.0,2.5,金三角全盛初期，中山/中正路店面一位難求
1995,花蓮縣,花蓮市,主權里,120.0,80.0,30.0,5.0,花蓮市區一般住商混合區
1995,花蓮縣,花蓮市,主睦里,120.0,80.0,30.0,5.0,花蓮市區一般住商混合區
1995,花蓮縣,花蓮市,主義里,120.0,80.0,30.0,5.0,花蓮市區一般住商混合區
1995,花蓮縣,花蓮市,主計里,320.0,80.0,30.0,5.0,花蓮市區一般住商混合區
1995,花蓮縣,花蓮市,主農里,120.0,80.0,30.0,5.0,花蓮市區一般住商混合區
1995,花蓮縣,花蓮市,國光里,120.0,80.0,30.0,5.0,花蓮市區一般住商混合區
1995,花蓮縣,花蓮市,國威里,650.0,100.0,80.0,2.5,金三角全盛初期，中山/中正路店面一位難求
1995,花蓮縣,花蓮市,國安里,120.0,80.0,30.0,5.0,花蓮市區一般住商混合區
1995,花蓮縣,花蓮市,國富里,250.0,80.0,30.0,5.0,花蓮市區一般住商混合區
1995,花蓮縣,花蓮市,國強里,120.0,80.0,30.0,5.0,花蓮市區一般住商混合區
1995,花蓮縣,花蓮市,國慶里,120.0,80.0,30.0,5.0,花蓮市區一般住商混合區
1995,花蓮縣,花蓮市,國治里,120.0,80.0,30.0,5.0,花蓮市區一般住商混合區
1995,花蓮縣,花蓮市,國盛里,250.0,80.0,30.0,5.0,花蓮市區一般住商混合區
1995,花蓮縣,花蓮市,國福里,120.0,80.0,30.0,5.0,花蓮市區一般住商混合區
1995,花蓮縣,花蓮市,國聯里,250.0,80.0,30.0,5.0,花蓮市區一般住商混合區
1995,花蓮縣,花蓮市,國興里,120.0,80.0,30.0,5.0,花蓮市區一般住商混合區
1995,花蓮縣,花蓮市,國華里,120.0,80.0,30.0,5.0,花蓮市區一般住商混合區
1995,花蓮縣,花蓮市,國裕里,120.0,80.0,30.0,5.0,花蓮市區一般住商混合區
1995,花蓮縣,花蓮市,國防里,120.0,80.0,30.0,5.0,花蓮市區一般住商混合區
1995,花蓮縣,花蓮市,國風里,120.0,80.0,30.0,5.0,花蓮市區一般住商混合區
1995,花蓮縣,花蓮市,國魂里,120.0,80.0,30.0,5.0,花蓮市區一般住商混合區
1995,花蓮縣,花蓮市,民主里,180.0,80.0,30.0,5.0,花蓮市區一般住商混合區
1995,花蓮縣,花蓮市,民享里,120.0,80.0,30.0,5.0,花蓮市區一般住商混合區
1995,花蓮縣,花蓮市,民勤里,120.0,80.0,30.0,5.0,花蓮市區一般住商混合區
1995,花蓮縣,花蓮市,民孝里,120.0,80.0,30.0,5.0,花蓮市區一般住商混合區
1995,花蓮縣,花蓮市,民德里,120.0,80.0,30.0,5.0,花蓮市區一般住商混合區
1995,花蓮縣,花蓮市,民心里,120.0,80.0,30.0,5.0,花蓮市區一般住商混合區
1995,花蓮縣,花蓮市,民意里,120.0,80.0,30.0,5.0,花蓮市區一般住商混合區
1995,花蓮縣,花蓮市,民政里,120.0,80.0,30.0,5.0,花蓮市區一般住商混合區
1995,花蓮縣,花蓮市,民族里,120.0,45.0,20.0,15.0,尚未啟用（原舊鐵路花蓮工務段/空地，夜市活動在南濱與自強）
1995,花蓮縣,花蓮市,民有里,120.0,80.0,30.0,5.0,花蓮市區一般住商混合區
1995,花蓮縣,花蓮市,民樂里,120.0,80.0,30.0,5.0,花蓮市區一般住商混合區
1995,花蓮縣,花蓮市,民權里,120.0,80.0,30.0,5.0,花蓮市區一般住商混合區
1995,花蓮縣,花蓮市,民治里,120.0,80.0,30.0,5.0,花蓮市區一般住商混合區
1995,花蓮縣,花蓮市,民生里,180.0,80.0,30.0,5.0,花蓮市區一般住商混合區
1995,花蓮縣,花蓮市,民立里,120.0,80.0,30.0,5.0,花蓮市區一般住商混合區
1995,花蓮縣,花蓮市,民運里,120.0,80.0,30.0,5.0,花蓮市區一般住商混合區
1996,花蓮縣,花蓮市,主信里,123.5,81.5,31.0,5.2,花蓮市區一般住商混合區
1996,花蓮縣,花蓮市,主力里,685.0,103.2,85.0,2.6,金三角全盛初期，中山/中正路店面一位難求
1996,花蓮縣,花蓮市,主勤里,332.0,81.5,31.0,5.2,花蓮市區一般住商混合區
1996,花蓮縣,花蓮市,主和里,123.5,81.5,31.0,5.2,花蓮市區一般住商混合區
1996,花蓮縣,花蓮市,主商里,685.0,103.2,85.0,2.6,金三角全盛初期，中山/中正路店面一位難求
1996,花蓮縣,花蓮市,主學里,332.0,81.5,31.0,5.2,花蓮市區一般住商混合區
1996,花蓮縣,花蓮市,主安里,332.0,81.5,31.0,5.2,花蓮市區一般住商混合區
1996,花蓮縣,花蓮市,主工里,685.0,103.2,85.0,2.6,金三角全盛初期，中山/中正路店面一位難求
1996,花蓮縣,花蓮市,主權里,123.5,81.5,31.0,5.2,花蓮市區一般住商混合區
1996,花蓮縣,花蓮市,主睦里,123.5,81.5,31.0,5.2,花蓮市區一般住商混合區
1996,花蓮縣,花蓮市,主義里,123.5,81.5,31.0,5.2,花蓮市區一般住商混合區
1996,花蓮縣,花蓮市,主計里,332.0,81.5,31.0,5.2,花蓮市區一般住商混合區
1996,花蓮縣,花蓮市,主農里,123.5,81.5,31.0,5.2,花蓮市區一般住商混合區
1996,花蓮縣,花蓮市,國光里,123.5,81.5,31.0,5.2,花蓮市區一般住商混合區
1996,花蓮縣,花蓮市,國威里,685.0,103.2,85.0,2.6,金三角全盛初期，中山/中正路店面一位難求
1996,花蓮縣,花蓮市,國安里,123.5,81.5,31.0,5.2,花蓮市區一般住商混合區
1996,花蓮縣,花蓮市,國富里,253.5,81.5,31.0,5.2,花蓮市區一般住商混合區
1996,花蓮縣,花蓮市,國強里,123.5,81.5,31.0,5.2,花蓮市區一般住商混合區
1996,花蓮縣,花蓮市,國慶里,123.5,81.5,31.0,5.2,花蓮市區一般住商混合區
1996,花蓮縣,花蓮市,國治里,123.5,81.5,31.0,5.2,花蓮市區一般住商混合區
1996,花蓮縣,花蓮市,國盛里,253.5,81.5,31.0,5.2,花蓮市區一般住商混合區
1996,花蓮縣,花蓮市,國福里,123.5,81.5,31.0,5.2,花蓮市區一般住商混合區
1996,花蓮縣,花蓮市,國聯里,253.5,81.5,31.0,5.2,花蓮市區一般住商混合區
1996,花蓮縣,花蓮市,國興里,123.5,81.5,31.0,5.2,花蓮市區一般住商混合區
1996,花蓮縣,花蓮市,國華里,123.5,81.5,31.0,5.2,花蓮市區一般住商混合區
1996,花蓮縣,花蓮市,國裕里,123.5,81.5,31.0,5.2,花蓮市區一般住商混合區
1996,花蓮縣,花蓮市,國防里,123.5,81.5,31.0,5.2,花蓮市區一般住商混合區
1996,花蓮縣,花蓮市,國風里,123.5,81.5,31.0,5.2,花蓮市區一般住商混合區
1996,花蓮縣,花蓮市,國魂里,123.5,81.5,31.0,5.2,花蓮市區一般住商混合區
1996,花蓮縣,花蓮市,民主里,192.0,81.5,31.0,5.2,花蓮市區一般住商混合區
1996,花蓮縣,花蓮市,民享里,123.5,81.5,31.0,5.2,花蓮市區一般住商混合區
1996,花蓮縣,花蓮市,民勤里,123.5,81.5,31.0,5.2,花蓮市區一般住商混合區
1996,花蓮縣,花蓮市,民孝里,123.5,81.5,31.0,5.2,花蓮市區一般住商混合區
1996,花蓮縣,花蓮市,民德里,123.5,81.5,31.0,5.2,花蓮市區一般住商混合區
1996,花蓮縣,花蓮市,民心里,123.5,81.5,31.0,5.2,花蓮市區一般住商混合區
1996,花蓮縣,花蓮市,民意里,123.5,81.5,31.0,5.2,花蓮市區一般住商混合區
1996,花蓮縣,花蓮市,民政里,123.5,81.5,31.0,5.2,花蓮市區一般住商混合區
1996,花蓮縣,花蓮市,民族里,128.0,45.0,20.0,15.0,尚未啟用（原舊鐵路花蓮工務段/空地，夜市活動在南濱與自強）
1996,花蓮縣,花蓮市,民有里,123.5,81.5,31.0,5.2,花蓮市區一般住商混合區
1996,花蓮縣,花蓮市,民樂里,123.5,81.5,31.0,5.2,花蓮市區一般住商混合區
1996,花蓮縣,花蓮市,民權里,123.5,81.5,31.0,5.2,花蓮市區一般住商混合區
1996,花蓮縣,花蓮市,民治里,123.5,81.5,31.0,5.2,花蓮市區一般住商混合區
1996,花蓮縣,花蓮市,民生里,192.0,81.5,31.0,5.2,花蓮市區一般住商混合區
1996,花蓮縣,花蓮市,民立里,123.5,81.5,31.0,5.2,花蓮市區一般住商混合區
1996,花蓮縣,花蓮市,民運里,123.5,81.5,31.0,5.2,花蓮市區一般住商混合區
1997,花蓮縣,花蓮市,主信里,127.0,83.0,32.0,5.4,花蓮市區一般住商混合區
1997,花蓮縣,花蓮市,主力里,720.0,106.4,90.0,2.7,金三角全盛初期，中山/中正路店面一位難求
1997,花蓮縣,花蓮市,主勤里,344.0,83.0,32.0,5.4,花蓮市區一般住商混合區
1997,花蓮縣,花蓮市,主和里,127.0,83.0,32.0,5.4,花蓮市區一般住商混合區
1997,花蓮縣,花蓮市,主商里,720.0,106.4,90.0,2.7,金三角全盛初期，中山/中正路店面一位難求
1997,花蓮縣,花蓮市,主學里,344.0,83.0,32.0,5.4,花蓮市區一般住商混合區
1997,花蓮縣,花蓮市,主安里,344.0,83.0,32.0,5.4,花蓮市區一般住商混合區
1997,花蓮縣,花蓮市,主工里,720.0,106.4,90.0,2.7,金三角全盛初期，中山/中正路店面一位難求
1997,花蓮縣,花蓮市,主權里,127.0,83.0,32.0,5.4,花蓮市區一般住商混合區
1997,花蓮縣,花蓮市,主睦里,127.0,83.0,32.0,5.4,花蓮市區一般住商混合區
1997,花蓮縣,花蓮市,主義里,127.0,83.0,32.0,5.4,花蓮市區一般住商混合區
1997,花蓮縣,花蓮市,主計里,344.0,83.0,32.0,5.4,花蓮市區一般住商混合區
1997,花蓮縣,花蓮市,主農里,127.0,83.0,32.0,5.4,花蓮市區一般住商混合區
1997,花蓮縣,花蓮市,國光里,127.0,83.0,32.0,5.4,花蓮市區一般住商混合區
1997,花蓮縣,花蓮市,國威里,720.0,106.4,90.0,2.7,金三角全盛初期，中山/中正路店面一位難求
1997,花蓮縣,花蓮市,國安里,127.0,83.0,32.0,5.4,花蓮市區一般住商混合區
1997,花蓮縣,花蓮市,國富里,257.0,83.0,32.0,5.4,花蓮市區一般住商混合區
1997,花蓮縣,花蓮市,國強里,127.0,83.0,32.0,5.4,花蓮市區一般住商混合區
1997,花蓮縣,花蓮市,國慶里,127.0,83.0,32.0,5.4,花蓮市區一般住商混合區
1997,花蓮縣,花蓮市,國治里,127.0,83.0,32.0,5.4,花蓮市區一般住商混合區
1997,花蓮縣,花蓮市,國盛里,257.0,83.0,32.0,5.4,花蓮市區一般住商混合區
1997,花蓮縣,花蓮市,國福里,127.0,83.0,32.0,5.4,花蓮市區一般住商混合區
1997,花蓮縣,花蓮市,國聯里,257.0,83.0,32.0,5.4,花蓮市區一般住商混合區
1997,花蓮縣,花蓮市,國興里,127.0,83.0,32.0,5.4,花蓮市區一般住商混合區
1997,花蓮縣,花蓮市,國華里,127.0,83.0,32.0,5.4,花蓮市區一般住商混合區
1997,花蓮縣,花蓮市,國裕里,127.0,83.0,32.0,5.4,花蓮市區一般住商混合區
1997,花蓮縣,花蓮市,國防里,127.0,83.0,32.0,5.4,花蓮市區一般住商混合區
1997,花蓮縣,花蓮市,國風里,127.0,83.0,32.0,5.4,花蓮市區一般住商混合區
1997,花蓮縣,花蓮市,國魂里,127.0,83.0,32.0,5.4,花蓮市區一般住商混合區
1997,花蓮縣,花蓮市,民主里,204.0,83.0,32.0,5.4,花蓮市區一般住商混合區
1997,花蓮縣,花蓮市,民享里,127.0,83.0,32.0,5.4,花蓮市區一般住商混合區
1997,花蓮縣,花蓮市,民勤里,127.0,83.0,32.0,5.4,花蓮市區一般住商混合區
1997,花蓮縣,花蓮市,民孝里,127.0,83.0,32.0,5.4,花蓮市區一般住商混合區
1997,花蓮縣,花蓮市,民德里,127.0,83.0,32.0,5.4,花蓮市區一般住商混合區
1997,花蓮縣,花蓮市,民心里,127.0,83.0,32.0,5.4,花蓮市區一般住商混合區
1997,花蓮縣,花蓮市,民意里,127.0,83.0,32.0,5.4,花蓮市區一般住商混合區
1997,花蓮縣,花蓮市,民政里,127.0,83.0,32.0,5.4,花蓮市區一般住商混合區
1997,花蓮縣,花蓮市,民族里,136.0,45.0,20.0,15.0,尚未啟用（原舊鐵路花蓮工務段/空地，夜市活動在南濱與自強）
1997,花蓮縣,花蓮市,民有里,127.0,83.0,32.0,5.4,花蓮市區一般住商混合區
1997,花蓮縣,花蓮市,民樂里,127.0,83.0,32.0,5.4,花蓮市區一般住商混合區
1997,花蓮縣,花蓮市,民權里,127.0,83.0,32.0,5.4,花蓮市區一般住商混合區
1997,花蓮縣,花蓮市,民治里,127.0,83.0,32.0,5.4,花蓮市區一般住商混合區
1997,花蓮縣,花蓮市,民生里,204.0,83.0,32.0,5.4,花蓮市區一般住商混合區
1997,花蓮縣,花蓮市,民立里,127.0,83.0,32.0,5.4,花蓮市區一般住商混合區
1997,花蓮縣,花蓮市,民運里,127.0,83.0,32.0,5.4,花蓮市區一般住商混合區
1998,花蓮縣,花蓮市,主信里,130.5,84.5,33.0,5.6,花蓮市區一般住商混合區
1998,花蓮縣,花蓮市,主力里,755.0,109.6,95.0,2.8,金三角全盛初期，中山/中正路店面一位難求
1998,花蓮縣,花蓮市,主勤里,356.0,84.5,33.0,5.6,花蓮市區一般住商混合區
1998,花蓮縣,花蓮市,主和里,130.5,84.5,33.0,5.6,花蓮市區一般住商混合區
1998,花蓮縣,花蓮市,主商里,755.0,109.6,95.0,2.8,金三角全盛初期，中山/中正路店面一位難求
1998,花蓮縣,花蓮市,主學里,356.0,84.5,33.0,5.6,花蓮市區一般住商混合區
1998,花蓮縣,花蓮市,主安里,356.0,84.5,33.0,5.6,花蓮市區一般住商混合區
1998,花蓮縣,花蓮市,主工里,755.0,109.6,95.0,2.8,金三角全盛初期，中山/中正路店面一位難求
1998,花蓮縣,花蓮市,主權里,130.5,84.5,33.0,5.6,花蓮市區一般住商混合區
1998,花蓮縣,花蓮市,主睦里,130.5,84.5,33.0,5.6,花蓮市區一般住商混合區
1998,花蓮縣,花蓮市,主義里,130.5,84.5,33.0,5.6,花蓮市區一般住商混合區
1998,花蓮縣,花蓮市,主計里,356.0,84.5,33.0,5.6,花蓮市區一般住商混合區
1998,花蓮縣,花蓮市,主農里,130.5,84.5,33.0,5.6,花蓮市區一般住商混合區
1998,花蓮縣,花蓮市,國光里,130.5,84.5,33.0,5.6,花蓮市區一般住商混合區
1998,花蓮縣,花蓮市,國威里,755.0,109.6,95.0,2.8,金三角全盛初期，中山/中正路店面一位難求
1998,花蓮縣,花蓮市,國安里,130.5,84.5,33.0,5.6,花蓮市區一般住商混合區
1998,花蓮縣,花蓮市,國富里,260.5,84.5,33.0,5.6,花蓮市區一般住商混合區
1998,花蓮縣,花蓮市,國強里,130.5,84.5,33.0,5.6,花蓮市區一般住商混合區
1998,花蓮縣,花蓮市,國慶里,130.5,84.5,33.0,5.6,花蓮市區一般住商混合區
1998,花蓮縣,花蓮市,國治里,130.5,84.5,33.0,5.6,花蓮市區一般住商混合區
1998,花蓮縣,花蓮市,國盛里,260.5,84.5,33.0,5.6,花蓮市區一般住商混合區
1998,花蓮縣,花蓮市,國福里,130.5,84.5,33.0,5.6,花蓮市區一般住商混合區
1998,花蓮縣,花蓮市,國聯里,260.5,84.5,33.0,5.6,花蓮市區一般住商混合區
1998,花蓮縣,花蓮市,國興里,130.5,84.5,33.0,5.6,花蓮市區一般住商混合區
1998,花蓮縣,花蓮市,國華里,130.5,84.5,33.0,5.6,花蓮市區一般住商混合區
1998,花蓮縣,花蓮市,國裕里,130.5,84.5,33.0,5.6,花蓮市區一般住商混合區
1998,花蓮縣,花蓮市,國防里,130.5,84.5,33.0,5.6,花蓮市區一般住商混合區
1998,花蓮縣,花蓮市,國風里,130.5,84.5,33.0,5.6,花蓮市區一般住商混合區
1998,花蓮縣,花蓮市,國魂里,130.5,84.5,33.0,5.6,花蓮市區一般住商混合區
1998,花蓮縣,花蓮市,民主里,216.0,84.5,33.0,5.6,花蓮市區一般住商混合區
1998,花蓮縣,花蓮市,民享里,130.5,84.5,33.0,5.6,花蓮市區一般住商混合區
1998,花蓮縣,花蓮市,民勤里,130.5,84.5,33.0,5.6,花蓮市區一般住商混合區
1998,花蓮縣,花蓮市,民孝里,130.5,84.5,33.0,5.6,花蓮市區一般住商混合區
1998,花蓮縣,花蓮市,民德里,130.5,84.5,33.0,5.6,花蓮市區一般住商混合區
1998,花蓮縣,花蓮市,民心里,130.5,84.5,33.0,5.6,花蓮市區一般住商混合區
1998,花蓮縣,花蓮市,民意里,130.5,84.5,33.0,5.6,花蓮市區一般住商混合區
1998,花蓮縣,花蓮市,民政里,130.5,84.5,33.0,5.6,花蓮市區一般住商混合區
1998,花蓮縣,花蓮市,民族里,144.0,45.0,20.0,15.0,尚未啟用（原舊鐵路花蓮工務段/空地，夜市活動在南濱與自強）
1998,花蓮縣,花蓮市,民有里,130.5,84.5,33.0,5.6,花蓮市區一般住商混合區
1998,花蓮縣,花蓮市,民樂里,130.5,84.5,33.0,5.6,花蓮市區一般住商混合區
1998,花蓮縣,花蓮市,民權里,130.5,84.5,33.0,5.6,花蓮市區一般住商混合區
1998,花蓮縣,花蓮市,民治里,130.5,84.5,33.0,5.6,花蓮市區一般住商混合區
1998,花蓮縣,花蓮市,民生里,216.0,84.5,33.0,5.6,花蓮市區一般住商混合區
1998,花蓮縣,花蓮市,民立里,130.5,84.5,33.0,5.6,花蓮市區一般住商混合區
1998,花蓮縣,花蓮市,民運里,130.5,84.5,33.0,5.6,花蓮市區一般住商混合區
1999,花蓮縣,花蓮市,主信里,134.0,86.0,34.0,5.8,花蓮市區一般住商混合區
1999,花蓮縣,花蓮市,主力里,790.0,112.8,100.0,2.9,金三角全盛初期，中山/中正路店面一位難求
1999,花蓮縣,花蓮市,主勤里,368.0,86.0,34.0,5.8,花蓮市區一般住商混合區
1999,花蓮縣,花蓮市,主和里,134.0,86.0,34.0,5.8,花蓮市區一般住商混合區
1999,花蓮縣,花蓮市,主商里,790.0,112.8,100.0,2.9,金三角全盛初期，中山/中正路店面一位難求
1999,花蓮縣,花蓮市,主學里,368.0,86.0,34.0,5.8,花蓮市區一般住商混合區
1999,花蓮縣,花蓮市,主安里,368.0,86.0,34.0,5.8,花蓮市區一般住商混合區
1999,花蓮縣,花蓮市,主工里,790.0,112.8,100.0,2.9,金三角全盛初期，中山/中正路店面一位難求
1999,花蓮縣,花蓮市,主權里,134.0,86.0,34.0,5.8,花蓮市區一般住商混合區
1999,花蓮縣,花蓮市,主睦里,134.0,86.0,34.0,5.8,花蓮市區一般住商混合區
1999,花蓮縣,花蓮市,主義里,134.0,86.0,34.0,5.8,花蓮市區一般住商混合區
1999,花蓮縣,花蓮市,主計里,368.0,86.0,34.0,5.8,花蓮市區一般住商混合區
1999,花蓮縣,花蓮市,主農里,134.0,86.0,34.0,5.8,花蓮市區一般住商混合區
1999,花蓮縣,花蓮市,國光里,134.0,86.0,34.0,5.8,花蓮市區一般住商混合區
1999,花蓮縣,花蓮市,國威里,790.0,112.8,100.0,2.9,金三角全盛初期，中山/中正路店面一位難求
1999,花蓮縣,花蓮市,國安里,134.0,86.0,34.0,5.8,花蓮市區一般住商混合區
1999,花蓮縣,花蓮市,國富里,264.0,86.0,34.0,5.8,花蓮市區一般住商混合區
1999,花蓮縣,花蓮市,國強里,134.0,86.0,34.0,5.8,花蓮市區一般住商混合區
1999,花蓮縣,花蓮市,國慶里,134.0,86.0,34.0,5.8,花蓮市區一般住商混合區
1999,花蓮縣,花蓮市,國治里,134.0,86.0,34.0,5.8,花蓮市區一般住商混合區
1999,花蓮縣,花蓮市,國盛里,264.0,86.0,34.0,5.8,花蓮市區一般住商混合區
1999,花蓮縣,花蓮市,國福里,134.0,86.0,34.0,5.8,花蓮市區一般住商混合區
1999,花蓮縣,花蓮市,國聯里,264.0,86.0,34.0,5.8,花蓮市區一般住商混合區
1999,花蓮縣,花蓮市,國興里,134.0,86.0,34.0,5.8,花蓮市區一般住商混合區
1999,花蓮縣,花蓮市,國華里,134.0,86.0,34.0,5.8,花蓮市區一般住商混合區
1999,花蓮縣,花蓮市,國裕里,134.0,86.0,34.0,5.8,花蓮市區一般住商混合區
1999,花蓮縣,花蓮市,國防里,134.0,86.0,34.0,5.8,花蓮市區一般住商混合區
1999,花蓮縣,花蓮市,國風里,134.0,86.0,34.0,5.8,花蓮市區一般住商混合區
1999,花蓮縣,花蓮市,國魂里,134.0,86.0,34.0,5.8,花蓮市區一般住商混合區
1999,花蓮縣,花蓮市,民主里,228.0,86.0,34.0,5.8,花蓮市區一般住商混合區
1999,花蓮縣,花蓮市,民享里,134.0,86.0,34.0,5.8,花蓮市區一般住商混合區
1999,花蓮縣,花蓮市,民勤里,134.0,86.0,34.0,5.8,花蓮市區一般住商混合區
1999,花蓮縣,花蓮市,民孝里,134.0,86.0,34.0,5.8,花蓮市區一般住商混合區
1999,花蓮縣,花蓮市,民德里,134.0,86.0,34.0,5.8,花蓮市區一般住商混合區
1999,花蓮縣,花蓮市,民心里,134.0,86.0,34.0,5.8,花蓮市區一般住商混合區
1999,花蓮縣,花蓮市,民意里,134.0,86.0,34.0,5.8,花蓮市區一般住商混合區
1999,花蓮縣,花蓮市,民政里,134.0,86.0,34.0,5.8,花蓮市區一般住商混合區
1999,花蓮縣,花蓮市,民族里,152.0,45.0,20.0,15.0,尚未啟用（原舊鐵路花蓮工務段/空地，夜市活動在南濱與自強）
1999,花蓮縣,花蓮市,民有里,134.0,86.0,34.0,5.8,花蓮市區一般住商混合區
1999,花蓮縣,花蓮市,民樂里,134.0,86.0,34.0,5.8,花蓮市區一般住商混合區
1999,花蓮縣,花蓮市,民權里,134.0,86.0,34.0,5.8,花蓮市區一般住商混合區
1999,花蓮縣,花蓮市,民治里,134.0,86.0,34.0,5.8,花蓮市區一般住商混合區
1999,花蓮縣,花蓮市,民生里,228.0,86.0,34.0,5.8,花蓮市區一般住商混合區
1999,花蓮縣,花蓮市,民立里,134.0,86.0,34.0,5.8,花蓮市區一般住商混合區
1999,花蓮縣,花蓮市,民運里,134.0,86.0,34.0,5.8,花蓮市區一般住商混合區
2000,花蓮縣,花蓮市,主信里,137.5,87.5,35.0,6.0,花蓮市區一般住商混合區
2000,花蓮縣,花蓮市,主力里,825.0,116.0,105.0,3.0,三中商圈黃金期，大禹街服飾與名牌聚集，夜間燈火通明
2000,花蓮縣,花蓮市,主勤里,380.0,87.5,35.0,6.0,花蓮市區一般住商混合區
2000,花蓮縣,花蓮市,主和里,137.5,87.5,35.0,6.0,花蓮市區一般住商混合區
2000,花蓮縣,花蓮市,主商里,825.0,116.0,105.0,3.0,三中商圈黃金期，大禹街服飾與名牌聚集，夜間燈火通明
2000,花蓮縣,花蓮市,主學里,380.0,87.5,35.0,6.0,花蓮市區一般住商混合區
2000,花蓮縣,花蓮市,主安里,380.0,87.5,35.0,6.0,花蓮市區一般住商混合區
2000,花蓮縣,花蓮市,主工里,825.0,116.0,105.0,3.0,三中商圈黃金期，大禹街服飾與名牌聚集，夜間燈火通明
2000,花蓮縣,花蓮市,主權里,137.5,87.5,35.0,6.0,花蓮市區一般住商混合區
2000,花蓮縣,花蓮市,主睦里,137.5,87.5,35.0,6.0,花蓮市區一般住商混合區
2000,花蓮縣,花蓮市,主義里,137.5,87.5,35.0,6.0,花蓮市區一般住商混合區
2000,花蓮縣,花蓮市,主計里,380.0,87.5,35.0,6.0,花蓮市區一般住商混合區
2000,花蓮縣,花蓮市,主農里,137.5,87.5,35.0,6.0,花蓮市區一般住商混合區
2000,花蓮縣,花蓮市,國光里,137.5,87.5,35.0,6.0,花蓮市區一般住商混合區
2000,花蓮縣,花蓮市,國威里,825.0,116.0,105.0,3.0,三中商圈黃金期，大禹街服飾與名牌聚集，夜間燈火通明
2000,花蓮縣,花蓮市,國安里,137.5,87.5,35.0,6.0,花蓮市區一般住商混合區
2000,花蓮縣,花蓮市,國富里,267.5,87.5,35.0,6.0,花蓮市區一般住商混合區
2000,花蓮縣,花蓮市,國強里,137.5,87.5,35.0,6.0,花蓮市區一般住商混合區
2000,花蓮縣,花蓮市,國慶里,137.5,87.5,35.0,6.0,花蓮市區一般住商混合區
2000,花蓮縣,花蓮市,國治里,137.5,87.5,35.0,6.0,花蓮市區一般住商混合區
2000,花蓮縣,花蓮市,國盛里,267.5,87.5,35.0,6.0,花蓮市區一般住商混合區
2000,花蓮縣,花蓮市,國福里,137.5,87.5,35.0,6.0,花蓮市區一般住商混合區
2000,花蓮縣,花蓮市,國聯里,267.5,87.5,35.0,6.0,花蓮市區一般住商混合區
2000,花蓮縣,花蓮市,國興里,137.5,87.5,35.0,6.0,花蓮市區一般住商混合區
2000,花蓮縣,花蓮市,國華里,137.5,87.5,35.0,6.0,花蓮市區一般住商混合區
2000,花蓮縣,花蓮市,國裕里,137.5,87.5,35.0,6.0,花蓮市區一般住商混合區
2000,花蓮縣,花蓮市,國防里,137.5,87.5,35.0,6.0,花蓮市區一般住商混合區
2000,花蓮縣,花蓮市,國風里,137.5,87.5,35.0,6.0,花蓮市區一般住商混合區
2000,花蓮縣,花蓮市,國魂里,137.5,87.5,35.0,6.0,花蓮市區一般住商混合區
2000,花蓮縣,花蓮市,民主里,240.0,87.5,35.0,6.0,花蓮市區一般住商混合區
2000,花蓮縣,花蓮市,民享里,137.5,87.5,35.0,6.0,花蓮市區一般住商混合區
2000,花蓮縣,花蓮市,民勤里,137.5,87.5,35.0,6.0,花蓮市區一般住商混合區
2000,花蓮縣,花蓮市,民孝里,137.5,87.5,35.0,6.0,花蓮市區一般住商混合區
2000,花蓮縣,花蓮市,民德里,137.5,87.5,35.0,6.0,花蓮市區一般住商混合區
2000,花蓮縣,花蓮市,民心里,137.5,87.5,35.0,6.0,花蓮市區一般住商混合區
2000,花蓮縣,花蓮市,民意里,137.5,87.5,35.0,6.0,花蓮市區一般住商混合區
2000,花蓮縣,花蓮市,民政里,137.5,87.5,35.0,6.0,花蓮市區一般住商混合區
2000,花蓮縣,花蓮市,民族里,160.0,45.0,20.0,15.0,尚未啟用（原舊鐵路花蓮工務段/空地，夜市活動在南濱與自強）
2000,花蓮縣,花蓮市,民有里,137.5,87.5,35.0,6.0,花蓮市區一般住商混合區
2000,花蓮縣,花蓮市,民樂里,137.5,87.5,35.0,6.0,花蓮市區一般住商混合區
2000,花蓮縣,花蓮市,民權里,137.5,87.5,35.0,6.0,花蓮市區一般住商混合區
2000,花蓮縣,花蓮市,民治里,137.5,87.5,35.0,6.0,花蓮市區一般住商混合區
2000,花蓮縣,花蓮市,民生里,240.0,87.5,35.0,6.0,花蓮市區一般住商混合區
2000,花蓮縣,花蓮市,民立里,137.5,87.5,35.0,6.0,花蓮市區一般住商混合區
2000,花蓮縣,花蓮市,民運里,137.5,87.5,35.0,6.0,花蓮市區一般住商混合區
2001,花蓮縣,花蓮市,主信里,141.0,89.0,36.0,6.2,花蓮市區一般住商混合區
2001,花蓮縣,花蓮市,主力里,850.0,119.2,110.0,3.1,三中商圈黃金期，大禹街服飾與名牌聚集，夜間燈火通明
2001,花蓮縣,花蓮市,主勤里,392.0,89.0,36.0,6.2,花蓮市區一般住商混合區
2001,花蓮縣,花蓮市,主和里,141.0,89.0,36.0,6.2,花蓮市區一般住商混合區
2001,花蓮縣,花蓮市,主商里,850.0,119.2,110.0,3.1,三中商圈黃金期，大禹街服飾與名牌聚集，夜間燈火通明
2001,花蓮縣,花蓮市,主學里,392.0,89.0,36.0,6.2,花蓮市區一般住商混合區
2001,花蓮縣,花蓮市,主安里,392.0,89.0,36.0,6.2,花蓮市區一般住商混合區
2001,花蓮縣,花蓮市,主工里,850.0,119.2,110.0,3.1,三中商圈黃金期，大禹街服飾與名牌聚集，夜間燈火通明
2001,花蓮縣,花蓮市,主權里,141.0,89.0,36.0,6.2,花蓮市區一般住商混合區
2001,花蓮縣,花蓮市,主睦里,141.0,89.0,36.0,6.2,花蓮市區一般住商混合區
2001,花蓮縣,花蓮市,主義里,141.0,89.0,36.0,6.2,花蓮市區一般住商混合區
2001,花蓮縣,花蓮市,主計里,392.0,89.0,36.0,6.2,花蓮市區一般住商混合區
2001,花蓮縣,花蓮市,主農里,141.0,89.0,36.0,6.2,花蓮市區一般住商混合區
2001,花蓮縣,花蓮市,國光里,141.0,89.0,36.0,6.2,花蓮市區一般住商混合區
2001,花蓮縣,花蓮市,國威里,850.0,119.2,110.0,3.1,三中商圈黃金期，大禹街服飾與名牌聚集，夜間燈火通明
2001,花蓮縣,花蓮市,國安里,141.0,89.0,36.0,6.2,花蓮市區一般住商混合區
2001,花蓮縣,花蓮市,國富里,271.0,89.0,36.0,6.2,花蓮市區一般住商混合區
2001,花蓮縣,花蓮市,國強里,141.0,89.0,36.0,6.2,花蓮市區一般住商混合區
2001,花蓮縣,花蓮市,國慶里,141.0,89.0,36.0,6.2,花蓮市區一般住商混合區
2001,花蓮縣,花蓮市,國治里,141.0,89.0,36.0,6.2,花蓮市區一般住商混合區
2001,花蓮縣,花蓮市,國盛里,271.0,89.0,36.0,6.2,花蓮市區一般住商混合區
2001,花蓮縣,花蓮市,國福里,141.0,89.0,36.0,6.2,花蓮市區一般住商混合區
2001,花蓮縣,花蓮市,國聯里,271.0,89.0,36.0,6.2,花蓮市區一般住商混合區
2001,花蓮縣,花蓮市,國興里,141.0,89.0,36.0,6.2,花蓮市區一般住商混合區
2001,花蓮縣,花蓮市,國華里,141.0,89.0,36.0,6.2,花蓮市區一般住商混合區
2001,花蓮縣,花蓮市,國裕里,141.0,89.0,36.0,6.2,花蓮市區一般住商混合區
2001,花蓮縣,花蓮市,國防里,141.0,89.0,36.0,6.2,花蓮市區一般住商混合區
2001,花蓮縣,花蓮市,國風里,141.0,89.0,36.0,6.2,花蓮市區一般住商混合區
2001,花蓮縣,花蓮市,國魂里,141.0,89.0,36.0,6.2,花蓮市區一般住商混合區
2001,花蓮縣,花蓮市,民主里,252.0,89.0,36.0,6.2,花蓮市區一般住商混合區
2001,花蓮縣,花蓮市,民享里,141.0,89.0,36.0,6.2,花蓮市區一般住商混合區
2001,花蓮縣,花蓮市,民勤里,141.0,89.0,36.0,6.2,花蓮市區一般住商混合區
2001,花蓮縣,花蓮市,民孝里,141.0,89.0,36.0,6.2,花蓮市區一般住商混合區
2001,花蓮縣,花蓮市,民德里,141.0,89.0,36.0,6.2,花蓮市區一般住商混合區
2001,花蓮縣,花蓮市,民心里,141.0,89.0,36.0,6.2,花蓮市區一般住商混合區
2001,花蓮縣,花蓮市,民意里,141.0,89.0,36.0,6.2,花蓮市區一般住商混合區
2001,花蓮縣,花蓮市,民政里,141.0,89.0,36.0,6.2,花蓮市區一般住商混合區
2001,花蓮縣,花蓮市,民族里,168.0,45.0,20.0,15.0,尚未啟用（原舊鐵路花蓮工務段/空地，夜市活動在南濱與自強）
2001,花蓮縣,花蓮市,民有里,141.0,89.0,36.0,6.2,花蓮市區一般住商混合區
2001,花蓮縣,花蓮市,民樂里,141.0,89.0,36.0,6.2,花蓮市區一般住商混合區
2001,花蓮縣,花蓮市,民權里,141.0,89.0,36.0,6.2,花蓮市區一般住商混合區
2001,花蓮縣,花蓮市,民治里,141.0,89.0,36.0,6.2,花蓮市區一般住商混合區
2001,花蓮縣,花蓮市,民生里,252.0,89.0,36.0,6.2,花蓮市區一般住商混合區
2001,花蓮縣,花蓮市,民立里,141.0,89.0,36.0,6.2,花蓮市區一般住商混合區
2001,花蓮縣,花蓮市,民運里,141.0,89.0,36.0,6.2,花蓮市區一般住商混合區
2002,花蓮縣,花蓮市,主信里,144.5,90.5,37.0,6.4,花蓮市區一般住商混合區
2002,花蓮縣,花蓮市,主力里,878.0,122.4,115.0,3.2,三中商圈黃金期，大禹街服飾與名牌聚集，夜間燈火通明
2002,花蓮縣,花蓮市,主勤里,404.0,90.5,37.0,6.4,花蓮市區一般住商混合區
2002,花蓮縣,花蓮市,主和里,144.5,90.5,37.0,6.4,花蓮市區一般住商混合區
2002,花蓮縣,花蓮市,主商里,878.0,122.4,115.0,3.2,三中商圈黃金期，大禹街服飾與名牌聚集，夜間燈火通明
2002,花蓮縣,花蓮市,主學里,404.0,90.5,37.0,6.4,花蓮市區一般住商混合區
2002,花蓮縣,花蓮市,主安里,404.0,90.5,37.0,6.4,花蓮市區一般住商混合區
2002,花蓮縣,花蓮市,主工里,878.0,122.4,115.0,3.2,三中商圈黃金期，大禹街服飾與名牌聚集，夜間燈火通明
2002,花蓮縣,花蓮市,主權里,144.5,90.5,37.0,6.4,花蓮市區一般住商混合區
2002,花蓮縣,花蓮市,主睦里,144.5,90.5,37.0,6.4,花蓮市區一般住商混合區
2002,花蓮縣,花蓮市,主義里,144.5,90.5,37.0,6.4,花蓮市區一般住商混合區
2002,花蓮縣,花蓮市,主計里,404.0,90.5,37.0,6.4,花蓮市區一般住商混合區
2002,花蓮縣,花蓮市,主農里,144.5,90.5,37.0,6.4,花蓮市區一般住商混合區
2002,花蓮縣,花蓮市,國光里,144.5,90.5,37.0,6.4,花蓮市區一般住商混合區
2002,花蓮縣,花蓮市,國威里,878.0,122.4,115.0,3.2,三中商圈黃金期，大禹街服飾與名牌聚集，夜間燈火通明
2002,花蓮縣,花蓮市,國安里,144.5,90.5,37.0,6.4,花蓮市區一般住商混合區
2002,花蓮縣,花蓮市,國富里,274.5,90.5,37.0,6.4,花蓮市區一般住商混合區
2002,花蓮縣,花蓮市,國強里,144.5,90.5,37.0,6.4,花蓮市區一般住商混合區
2002,花蓮縣,花蓮市,國慶里,144.5,90.5,37.0,6.4,花蓮市區一般住商混合區
2002,花蓮縣,花蓮市,國治里,144.5,90.5,37.0,6.4,花蓮市區一般住商混合區
2002,花蓮縣,花蓮市,國盛里,274.5,90.5,37.0,6.4,花蓮市區一般住商混合區
2002,花蓮縣,花蓮市,國福里,144.5,90.5,37.0,6.4,花蓮市區一般住商混合區
2002,花蓮縣,花蓮市,國聯里,274.5,90.5,37.0,6.4,花蓮市區一般住商混合區
2002,花蓮縣,花蓮市,國興里,144.5,90.5,37.0,6.4,花蓮市區一般住商混合區
2002,花蓮縣,花蓮市,國華里,144.5,90.5,37.0,6.4,花蓮市區一般住商混合區
2002,花蓮縣,花蓮市,國裕里,144.5,90.5,37.0,6.4,花蓮市區一般住商混合區
2002,花蓮縣,花蓮市,國防里,144.5,90.5,37.0,6.4,花蓮市區一般住商混合區
2002,花蓮縣,花蓮市,國風里,144.5,90.5,37.0,6.4,花蓮市區一般住商混合區
2002,花蓮縣,花蓮市,國魂里,144.5,90.5,37.0,6.4,花蓮市區一般住商混合區
2002,花蓮縣,花蓮市,民主里,264.0,90.5,37.0,6.4,花蓮市區一般住商混合區
2002,花蓮縣,花蓮市,民享里,144.5,90.5,37.0,6.4,花蓮市區一般住商混合區
2002,花蓮縣,花蓮市,民勤里,144.5,90.5,37.0,6.4,花蓮市區一般住商混合區
2002,花蓮縣,花蓮市,民孝里,144.5,90.5,37.0,6.4,花蓮市區一般住商混合區
2002,花蓮縣,花蓮市,民德里,144.5,90.5,37.0,6.4,花蓮市區一般住商混合區
2002,花蓮縣,花蓮市,民心里,144.5,90.5,37.0,6.4,花蓮市區一般住商混合區
2002,花蓮縣,花蓮市,民意里,144.5,90.5,37.0,6.4,花蓮市區一般住商混合區
2002,花蓮縣,花蓮市,民政里,144.5,90.5,37.0,6.4,花蓮市區一般住商混合區
2002,花蓮縣,花蓮市,民族里,176.0,45.0,20.0,15.0,尚未啟用（原舊鐵路花蓮工務段/空地，夜市活動在南濱與自強）
2002,花蓮縣,花蓮市,民有里,144.5,90.5,37.0,6.4,花蓮市區一般住商混合區
2002,花蓮縣,花蓮市,民樂里,144.5,90.5,37.0,6.4,花蓮市區一般住商混合區
2002,花蓮縣,花蓮市,民權里,144.5,90.5,37.0,6.4,花蓮市區一般住商混合區
2002,花蓮縣,花蓮市,民治里,144.5,90.5,37.0,6.4,花蓮市區一般住商混合區
2002,花蓮縣,花蓮市,民生里,264.0,90.5,37.0,6.4,花蓮市區一般住商混合區
2002,花蓮縣,花蓮市,民立里,144.5,90.5,37.0,6.4,花蓮市區一般住商混合區
2002,花蓮縣,花蓮市,民運里,144.5,90.5,37.0,6.4,花蓮市區一般住商混合區
2003,花蓮縣,花蓮市,主信里,148.0,92.0,38.0,6.6,花蓮市區一般住商混合區
2003,花蓮縣,花蓮市,主力里,906.0,125.6,120.0,3.3,三中商圈黃金期，大禹街服飾與名牌聚集，夜間燈火通明
2003,花蓮縣,花蓮市,主勤里,416.0,92.0,38.0,6.6,花蓮市區一般住商混合區
2003,花蓮縣,花蓮市,主和里,148.0,92.0,38.0,6.6,花蓮市區一般住商混合區
2003,花蓮縣,花蓮市,主商里,906.0,125.6,120.0,3.3,三中商圈黃金期，大禹街服飾與名牌聚集，夜間燈火通明
2003,花蓮縣,花蓮市,主學里,416.0,92.0,38.0,6.6,花蓮市區一般住商混合區
2003,花蓮縣,花蓮市,主安里,416.0,92.0,38.0,6.6,花蓮市區一般住商混合區
2003,花蓮縣,花蓮市,主工里,906.0,125.6,120.0,3.3,三中商圈黃金期，大禹街服飾與名牌聚集，夜間燈火通明
2003,花蓮縣,花蓮市,主權里,148.0,92.0,38.0,6.6,花蓮市區一般住商混合區
2003,花蓮縣,花蓮市,主睦里,148.0,92.0,38.0,6.6,花蓮市區一般住商混合區
2003,花蓮縣,花蓮市,主義里,148.0,92.0,38.0,6.6,花蓮市區一般住商混合區
2003,花蓮縣,花蓮市,主計里,416.0,92.0,38.0,6.6,花蓮市區一般住商混合區
2003,花蓮縣,花蓮市,主農里,148.0,92.0,38.0,6.6,花蓮市區一般住商混合區
2003,花蓮縣,花蓮市,國光里,148.0,92.0,38.0,6.6,花蓮市區一般住商混合區
2003,花蓮縣,花蓮市,國威里,906.0,125.6,120.0,3.3,三中商圈黃金期，大禹街服飾與名牌聚集，夜間燈火通明
2003,花蓮縣,花蓮市,國安里,148.0,92.0,38.0,6.6,花蓮市區一般住商混合區
2003,花蓮縣,花蓮市,國富里,278.0,92.0,38.0,6.6,花蓮市區一般住商混合區
2003,花蓮縣,花蓮市,國強里,148.0,92.0,38.0,6.6,花蓮市區一般住商混合區
2003,花蓮縣,花蓮市,國慶里,148.0,92.0,38.0,6.6,花蓮市區一般住商混合區
2003,花蓮縣,花蓮市,國治里,148.0,92.0,38.0,6.6,花蓮市區一般住商混合區
2003,花蓮縣,花蓮市,國盛里,278.0,92.0,38.0,6.6,花蓮市區一般住商混合區
2003,花蓮縣,花蓮市,國福里,148.0,92.0,38.0,6.6,花蓮市區一般住商混合區
2003,花蓮縣,花蓮市,國聯里,278.0,92.0,38.0,6.6,花蓮市區一般住商混合區
2003,花蓮縣,花蓮市,國興里,148.0,92.0,38.0,6.6,花蓮市區一般住商混合區
2003,花蓮縣,花蓮市,國華里,148.0,92.0,38.0,6.6,花蓮市區一般住商混合區
2003,花蓮縣,花蓮市,國裕里,148.0,92.0,38.0,6.6,花蓮市區一般住商混合區
2003,花蓮縣,花蓮市,國防里,148.0,92.0,38.0,6.6,花蓮市區一般住商混合區
2003,花蓮縣,花蓮市,國風里,148.0,92.0,38.0,6.6,花蓮市區一般住商混合區
2003,花蓮縣,花蓮市,國魂里,148.0,92.0,38.0,6.6,花蓮市區一般住商混合區
2003,花蓮縣,花蓮市,民主里,276.0,92.0,38.0,6.6,花蓮市區一般住商混合區
2003,花蓮縣,花蓮市,民享里,148.0,92.0,38.0,6.6,花蓮市區一般住商混合區
2003,花蓮縣,花蓮市,民勤里,148.0,92.0,38.0,6.6,花蓮市區一般住商混合區
2003,花蓮縣,花蓮市,民孝里,148.0,92.0,38.0,6.6,花蓮市區一般住商混合區
2003,花蓮縣,花蓮市,民德里,148.0,92.0,38.0,6.6,花蓮市區一般住商混合區
2003,花蓮縣,花蓮市,民心里,148.0,92.0,38.0,6.6,花蓮市區一般住商混合區
2003,花蓮縣,花蓮市,民意里,148.0,92.0,38.0,6.6,花蓮市區一般住商混合區
2003,花蓮縣,花蓮市,民政里,148.0,92.0,38.0,6.6,花蓮市區一般住商混合區
2003,花蓮縣,花蓮市,民族里,184.0,45.0,20.0,15.0,尚未啟用（原舊鐵路花蓮工務段/空地，夜市活動在南濱與自強）
2003,花蓮縣,花蓮市,民有里,148.0,92.0,38.0,6.6,花蓮市區一般住商混合區
2003,花蓮縣,花蓮市,民樂里,148.0,92.0,38.0,6.6,花蓮市區一般住商混合區
2003,花蓮縣,花蓮市,民權里,148.0,92.0,38.0,6.6,花蓮市區一般住商混合區
2003,花蓮縣,花蓮市,民治里,148.0,92.0,38.0,6.6,花蓮市區一般住商混合區
2003,花蓮縣,花蓮市,民生里,276.0,92.0,38.0,6.6,花蓮市區一般住商混合區
2003,花蓮縣,花蓮市,民立里,148.0,92.0,38.0,6.6,花蓮市區一般住商混合區
2003,花蓮縣,花蓮市,民運里,148.0,92.0,38.0,6.6,花蓮市區一般住商混合區
2004,花蓮縣,花蓮市,主信里,151.5,93.5,39.0,6.8,花蓮市區一般住商混合區
2004,花蓮縣,花蓮市,主力里,934.0,128.8,125.0,3.4,三中商圈黃金期，大禹街服飾與名牌聚集，夜間燈火通明
2004,花蓮縣,花蓮市,主勤里,428.0,93.5,39.0,6.8,花蓮市區一般住商混合區
2004,花蓮縣,花蓮市,主和里,151.5,93.5,39.0,6.8,花蓮市區一般住商混合區
2004,花蓮縣,花蓮市,主商里,934.0,128.8,125.0,3.4,三中商圈黃金期，大禹街服飾與名牌聚集，夜間燈火通明
2004,花蓮縣,花蓮市,主學里,428.0,93.5,39.0,6.8,花蓮市區一般住商混合區
2004,花蓮縣,花蓮市,主安里,428.0,93.5,39.0,6.8,花蓮市區一般住商混合區
2004,花蓮縣,花蓮市,主工里,934.0,128.8,125.0,3.4,三中商圈黃金期，大禹街服飾與名牌聚集，夜間燈火通明
2004,花蓮縣,花蓮市,主權里,151.5,93.5,39.0,6.8,花蓮市區一般住商混合區
2004,花蓮縣,花蓮市,主睦里,151.5,93.5,39.0,6.8,花蓮市區一般住商混合區
2004,花蓮縣,花蓮市,主義里,151.5,93.5,39.0,6.8,花蓮市區一般住商混合區
2004,花蓮縣,花蓮市,主計里,428.0,93.5,39.0,6.8,花蓮市區一般住商混合區
2004,花蓮縣,花蓮市,主農里,151.5,93.5,39.0,6.8,花蓮市區一般住商混合區
2004,花蓮縣,花蓮市,國光里,151.5,93.5,39.0,6.8,花蓮市區一般住商混合區
2004,花蓮縣,花蓮市,國威里,934.0,128.8,125.0,3.4,三中商圈黃金期，大禹街服飾與名牌聚集，夜間燈火通明
2004,花蓮縣,花蓮市,國安里,151.5,93.5,39.0,6.8,花蓮市區一般住商混合區
2004,花蓮縣,花蓮市,國富里,281.5,93.5,39.0,6.8,花蓮市區一般住商混合區
2004,花蓮縣,花蓮市,國強里,151.5,93.5,39.0,6.8,花蓮市區一般住商混合區
2004,花蓮縣,花蓮市,國慶里,151.5,93.5,39.0,6.8,花蓮市區一般住商混合區
2004,花蓮縣,花蓮市,國治里,151.5,93.5,39.0,6.8,花蓮市區一般住商混合區
2004,花蓮縣,花蓮市,國盛里,281.5,93.5,39.0,6.8,花蓮市區一般住商混合區
2004,花蓮縣,花蓮市,國福里,151.5,93.5,39.0,6.8,花蓮市區一般住商混合區
2004,花蓮縣,花蓮市,國聯里,281.5,93.5,39.0,6.8,花蓮市區一般住商混合區
2004,花蓮縣,花蓮市,國興里,151.5,93.5,39.0,6.8,花蓮市區一般住商混合區
2004,花蓮縣,花蓮市,國華里,151.5,93.5,39.0,6.8,花蓮市區一般住商混合區
2004,花蓮縣,花蓮市,國裕里,151.5,93.5,39.0,6.8,花蓮市區一般住商混合區
2004,花蓮縣,花蓮市,國防里,151.5,93.5,39.0,6.8,花蓮市區一般住商混合區
2004,花蓮縣,花蓮市,國風里,151.5,93.5,39.0,6.8,花蓮市區一般住商混合區
2004,花蓮縣,花蓮市,國魂里,151.5,93.5,39.0,6.8,花蓮市區一般住商混合區
2004,花蓮縣,花蓮市,民主里,288.0,93.5,39.0,6.8,花蓮市區一般住商混合區
2004,花蓮縣,花蓮市,民享里,151.5,93.5,39.0,6.8,花蓮市區一般住商混合區
2004,花蓮縣,花蓮市,民勤里,151.5,93.5,39.0,6.8,花蓮市區一般住商混合區
2004,花蓮縣,花蓮市,民孝里,151.5,93.5,39.0,6.8,花蓮市區一般住商混合區
2004,花蓮縣,花蓮市,民德里,151.5,93.5,39.0,6.8,花蓮市區一般住商混合區
2004,花蓮縣,花蓮市,民心里,151.5,93.5,39.0,6.8,花蓮市區一般住商混合區
2004,花蓮縣,花蓮市,民意里,151.5,93.5,39.0,6.8,花蓮市區一般住商混合區
2004,花蓮縣,花蓮市,民政里,151.5,93.5,39.0,6.8,花蓮市區一般住商混合區
2004,花蓮縣,花蓮市,民族里,192.0,45.0,20.0,15.0,尚未啟用（原舊鐵路花蓮工務段/空地，夜市活動在南濱與自強）
2004,花蓮縣,花蓮市,民有里,151.5,93.5,39.0,6.8,花蓮市區一般住商混合區
2004,花蓮縣,花蓮市,民樂里,151.5,93.5,39.0,6.8,花蓮市區一般住商混合區
2004,花蓮縣,花蓮市,民權里,151.5,93.5,39.0,6.8,花蓮市區一般住商混合區
2004,花蓮縣,花蓮市,民治里,151.5,93.5,39.0,6.8,花蓮市區一般住商混合區
2004,花蓮縣,花蓮市,民生里,288.0,93.5,39.0,6.8,花蓮市區一般住商混合區
2004,花蓮縣,花蓮市,民立里,151.5,93.5,39.0,6.8,花蓮市區一般住商混合區
2004,花蓮縣,花蓮市,民運里,151.5,93.5,39.0,6.8,花蓮市區一般住商混合區
2005,花蓮縣,花蓮市,主信里,155.0,95.0,40.0,7.0,花蓮市區一般住商混合區
2005,花蓮縣,花蓮市,主力里,962.0,132.0,130.0,3.5,三中商圈黃金期，大禹街服飾與名牌聚集，夜間燈火通明
2005,花蓮縣,花蓮市,主勤里,440.0,95.0,40.0,7.0,花蓮市區一般住商混合區
2005,花蓮縣,花蓮市,主和里,155.0,95.0,40.0,7.0,花蓮市區一般住商混合區
2005,花蓮縣,花蓮市,主商里,962.0,132.0,130.0,3.5,三中商圈黃金期，大禹街服飾與名牌聚集，夜間燈火通明
2005,花蓮縣,花蓮市,主學里,440.0,95.0,40.0,7.0,花蓮市區一般住商混合區
2005,花蓮縣,花蓮市,主安里,440.0,95.0,40.0,7.0,花蓮市區一般住商混合區
2005,花蓮縣,花蓮市,主工里,962.0,132.0,130.0,3.5,三中商圈黃金期，大禹街服飾與名牌聚集，夜間燈火通明
2005,花蓮縣,花蓮市,主權里,155.0,95.0,40.0,7.0,花蓮市區一般住商混合區
2005,花蓮縣,花蓮市,主睦里,155.0,95.0,40.0,7.0,花蓮市區一般住商混合區
2005,花蓮縣,花蓮市,主義里,155.0,95.0,40.0,7.0,花蓮市區一般住商混合區
2005,花蓮縣,花蓮市,主計里,440.0,95.0,40.0,7.0,花蓮市區一般住商混合區
2005,花蓮縣,花蓮市,主農里,155.0,95.0,40.0,7.0,花蓮市區一般住商混合區
2005,花蓮縣,花蓮市,國光里,155.0,95.0,40.0,7.0,花蓮市區一般住商混合區
2005,花蓮縣,花蓮市,國威里,962.0,132.0,130.0,3.5,三中商圈黃金期，大禹街服飾與名牌聚集，夜間燈火通明
2005,花蓮縣,花蓮市,國安里,155.0,95.0,40.0,7.0,花蓮市區一般住商混合區
2005,花蓮縣,花蓮市,國富里,285.0,95.0,40.0,7.0,花蓮市區一般住商混合區
2005,花蓮縣,花蓮市,國強里,155.0,95.0,40.0,7.0,花蓮市區一般住商混合區
2005,花蓮縣,花蓮市,國慶里,155.0,95.0,40.0,7.0,花蓮市區一般住商混合區
2005,花蓮縣,花蓮市,國治里,155.0,95.0,40.0,7.0,花蓮市區一般住商混合區
2005,花蓮縣,花蓮市,國盛里,285.0,95.0,40.0,7.0,花蓮市區一般住商混合區
2005,花蓮縣,花蓮市,國福里,155.0,95.0,40.0,7.0,花蓮市區一般住商混合區
2005,花蓮縣,花蓮市,國聯里,285.0,95.0,40.0,7.0,花蓮市區一般住商混合區
2005,花蓮縣,花蓮市,國興里,155.0,95.0,40.0,7.0,花蓮市區一般住商混合區
2005,花蓮縣,花蓮市,國華里,155.0,95.0,40.0,7.0,花蓮市區一般住商混合區
2005,花蓮縣,花蓮市,國裕里,155.0,95.0,40.0,7.0,花蓮市區一般住商混合區
2005,花蓮縣,花蓮市,國防里,155.0,95.0,40.0,7.0,花蓮市區一般住商混合區
2005,花蓮縣,花蓮市,國風里,155.0,95.0,40.0,7.0,花蓮市區一般住商混合區
2005,花蓮縣,花蓮市,國魂里,155.0,95.0,40.0,7.0,花蓮市區一般住商混合區
2005,花蓮縣,花蓮市,民主里,300.0,95.0,40.0,7.0,花蓮市區一般住商混合區
2005,花蓮縣,花蓮市,民享里,155.0,95.0,40.0,7.0,花蓮市區一般住商混合區
2005,花蓮縣,花蓮市,民勤里,155.0,95.0,40.0,7.0,花蓮市區一般住商混合區
2005,花蓮縣,花蓮市,民孝里,155.0,95.0,40.0,7.0,花蓮市區一般住商混合區
2005,花蓮縣,花蓮市,民德里,155.0,95.0,40.0,7.0,花蓮市區一般住商混合區
2005,花蓮縣,花蓮市,民心里,155.0,95.0,40.0,7.0,花蓮市區一般住商混合區
2005,花蓮縣,花蓮市,民意里,155.0,95.0,40.0,7.0,花蓮市區一般住商混合區
2005,花蓮縣,花蓮市,民政里,155.0,95.0,40.0,7.0,花蓮市區一般住商混合區
2005,花蓮縣,花蓮市,民族里,200.0,45.0,20.0,15.0,尚未啟用（原舊鐵路花蓮工務段/空地，夜市活動在南濱與自強）
2005,花蓮縣,花蓮市,民有里,155.0,95.0,40.0,7.0,花蓮市區一般住商混合區
2005,花蓮縣,花蓮市,民樂里,155.0,95.0,40.0,7.0,花蓮市區一般住商混合區
2005,花蓮縣,花蓮市,民權里,155.0,95.0,40.0,7.0,花蓮市區一般住商混合區
2005,花蓮縣,花蓮市,民治里,155.0,95.0,40.0,7.0,花蓮市區一般住商混合區
2005,花蓮縣,花蓮市,民生里,300.0,95.0,40.0,7.0,花蓮市區一般住商混合區
2005,花蓮縣,花蓮市,民立里,155.0,95.0,40.0,7.0,花蓮市區一般住商混合區
2005,花蓮縣,花蓮市,民運里,155.0,95.0,40.0,7.0,花蓮市區一般住商混合區
2006,花蓮縣,花蓮市,主信里,158.5,96.5,41.0,7.2,花蓮市區一般住商混合區
2006,花蓮縣,花蓮市,主力里,990.0,135.2,135.0,3.6,三中商圈黃金期，大禹街服飾與名牌聚集，夜間燈火通明
2006,花蓮縣,花蓮市,主勤里,452.0,96.5,41.0,7.2,花蓮市區一般住商混合區
2006,花蓮縣,花蓮市,主和里,158.5,96.5,41.0,7.2,花蓮市區一般住商混合區
2006,花蓮縣,花蓮市,主商里,990.0,135.2,135.0,3.6,三中商圈黃金期，大禹街服飾與名牌聚集，夜間燈火通明
2006,花蓮縣,花蓮市,主學里,452.0,96.5,41.0,7.2,花蓮市區一般住商混合區
2006,花蓮縣,花蓮市,主安里,452.0,96.5,41.0,7.2,花蓮市區一般住商混合區
2006,花蓮縣,花蓮市,主工里,990.0,135.2,135.0,3.6,三中商圈黃金期，大禹街服飾與名牌聚集，夜間燈火通明
2006,花蓮縣,花蓮市,主權里,158.5,96.5,41.0,7.2,花蓮市區一般住商混合區
2006,花蓮縣,花蓮市,主睦里,158.5,96.5,41.0,7.2,花蓮市區一般住商混合區
2006,花蓮縣,花蓮市,主義里,158.5,96.5,41.0,7.2,花蓮市區一般住商混合區
2006,花蓮縣,花蓮市,主計里,452.0,96.5,41.0,7.2,花蓮市區一般住商混合區
2006,花蓮縣,花蓮市,主農里,158.5,96.5,41.0,7.2,花蓮市區一般住商混合區
2006,花蓮縣,花蓮市,國光里,158.5,96.5,41.0,7.2,花蓮市區一般住商混合區
2006,花蓮縣,花蓮市,國威里,990.0,135.2,135.0,3.6,三中商圈黃金期，大禹街服飾與名牌聚集，夜間燈火通明
2006,花蓮縣,花蓮市,國安里,158.5,96.5,41.0,7.2,花蓮市區一般住商混合區
2006,花蓮縣,花蓮市,國富里,288.5,96.5,41.0,7.2,花蓮市區一般住商混合區
2006,花蓮縣,花蓮市,國強里,158.5,96.5,41.0,7.2,花蓮市區一般住商混合區
2006,花蓮縣,花蓮市,國慶里,158.5,96.5,41.0,7.2,花蓮市區一般住商混合區
2006,花蓮縣,花蓮市,國治里,158.5,96.5,41.0,7.2,花蓮市區一般住商混合區
2006,花蓮縣,花蓮市,國盛里,288.5,96.5,41.0,7.2,花蓮市區一般住商混合區
2006,花蓮縣,花蓮市,國福里,158.5,96.5,41.0,7.2,花蓮市區一般住商混合區
2006,花蓮縣,花蓮市,國聯里,288.5,96.5,41.0,7.2,花蓮市區一般住商混合區
2006,花蓮縣,花蓮市,國興里,158.5,96.5,41.0,7.2,花蓮市區一般住商混合區
2006,花蓮縣,花蓮市,國華里,158.5,96.5,41.0,7.2,花蓮市區一般住商混合區
2006,花蓮縣,花蓮市,國裕里,158.5,96.5,41.0,7.2,花蓮市區一般住商混合區
2006,花蓮縣,花蓮市,國防里,158.5,96.5,41.0,7.2,花蓮市區一般住商混合區
2006,花蓮縣,花蓮市,國風里,158.5,96.5,41.0,7.2,花蓮市區一般住商混合區
2006,花蓮縣,花蓮市,國魂里,158.5,96.5,41.0,7.2,花蓮市區一般住商混合區
2006,花蓮縣,花蓮市,民主里,312.0,96.5,41.0,7.2,花蓮市區一般住商混合區
2006,花蓮縣,花蓮市,民享里,158.5,96.5,41.0,7.2,花蓮市區一般住商混合區
2006,花蓮縣,花蓮市,民勤里,158.5,96.5,41.0,7.2,花蓮市區一般住商混合區
2006,花蓮縣,花蓮市,民孝里,158.5,96.5,41.0,7.2,花蓮市區一般住商混合區
2006,花蓮縣,花蓮市,民德里,158.5,96.5,41.0,7.2,花蓮市區一般住商混合區
2006,花蓮縣,花蓮市,民心里,158.5,96.5,41.0,7.2,花蓮市區一般住商混合區
2006,花蓮縣,花蓮市,民意里,158.5,96.5,41.0,7.2,花蓮市區一般住商混合區
2006,花蓮縣,花蓮市,民政里,158.5,96.5,41.0,7.2,花蓮市區一般住商混合區
2006,花蓮縣,花蓮市,民族里,208.0,45.0,20.0,15.0,尚未啟用（原舊鐵路花蓮工務段/空地，夜市活動在南濱與自強）
2006,花蓮縣,花蓮市,民有里,158.5,96.5,41.0,7.2,花蓮市區一般住商混合區
2006,花蓮縣,花蓮市,民樂里,158.5,96.5,41.0,7.2,花蓮市區一般住商混合區
2006,花蓮縣,花蓮市,民權里,158.5,96.5,41.0,7.2,花蓮市區一般住商混合區
2006,花蓮縣,花蓮市,民治里,158.5,96.5,41.0,7.2,花蓮市區一般住商混合區
2006,花蓮縣,花蓮市,民生里,312.0,96.5,41.0,7.2,花蓮市區一般住商混合區
2006,花蓮縣,花蓮市,民立里,158.5,96.5,41.0,7.2,花蓮市區一般住商混合區
2006,花蓮縣,花蓮市,民運里,158.5,96.5,41.0,7.2,花蓮市區一般住商混合區
2007,花蓮縣,花蓮市,主信里,162.0,98.0,42.0,7.4,花蓮市區一般住商混合區
2007,花蓮縣,花蓮市,主力里,1018.0,138.4,140.0,3.7,三中商圈黃金期，大禹街服飾與名牌聚集，夜間燈火通明
2007,花蓮縣,花蓮市,主勤里,464.0,98.0,42.0,7.4,花蓮市區一般住商混合區
2007,花蓮縣,花蓮市,主和里,162.0,98.0,42.0,7.4,花蓮市區一般住商混合區
2007,花蓮縣,花蓮市,主商里,1018.0,138.4,140.0,3.7,三中商圈黃金期，大禹街服飾與名牌聚集，夜間燈火通明
2007,花蓮縣,花蓮市,主學里,464.0,98.0,42.0,7.4,花蓮市區一般住商混合區
2007,花蓮縣,花蓮市,主安里,464.0,98.0,42.0,7.4,花蓮市區一般住商混合區
2007,花蓮縣,花蓮市,主工里,1018.0,138.4,140.0,3.7,三中商圈黃金期，大禹街服飾與名牌聚集，夜間燈火通明
2007,花蓮縣,花蓮市,主權里,162.0,98.0,42.0,7.4,花蓮市區一般住商混合區
2007,花蓮縣,花蓮市,主睦里,162.0,98.0,42.0,7.4,花蓮市區一般住商混合區
2007,花蓮縣,花蓮市,主義里,162.0,98.0,42.0,7.4,花蓮市區一般住商混合區
2007,花蓮縣,花蓮市,主計里,464.0,98.0,42.0,7.4,花蓮市區一般住商混合區
2007,花蓮縣,花蓮市,主農里,162.0,98.0,42.0,7.4,花蓮市區一般住商混合區
2007,花蓮縣,花蓮市,國光里,162.0,98.0,42.0,7.4,花蓮市區一般住商混合區
2007,花蓮縣,花蓮市,國威里,1018.0,138.4,140.0,3.7,三中商圈黃金期，大禹街服飾與名牌聚集，夜間燈火通明
2007,花蓮縣,花蓮市,國安里,162.0,98.0,42.0,7.4,花蓮市區一般住商混合區
2007,花蓮縣,花蓮市,國富里,292.0,98.0,42.0,7.4,花蓮市區一般住商混合區
2007,花蓮縣,花蓮市,國強里,162.0,98.0,42.0,7.4,花蓮市區一般住商混合區
2007,花蓮縣,花蓮市,國慶里,162.0,98.0,42.0,7.4,花蓮市區一般住商混合區
2007,花蓮縣,花蓮市,國治里,162.0,98.0,42.0,7.4,花蓮市區一般住商混合區
2007,花蓮縣,花蓮市,國盛里,292.0,98.0,42.0,7.4,花蓮市區一般住商混合區
2007,花蓮縣,花蓮市,國福里,162.0,98.0,42.0,7.4,花蓮市區一般住商混合區
2007,花蓮縣,花蓮市,國聯里,292.0,98.0,42.0,7.4,花蓮市區一般住商混合區
2007,花蓮縣,花蓮市,國興里,162.0,98.0,42.0,7.4,花蓮市區一般住商混合區
2007,花蓮縣,花蓮市,國華里,162.0,98.0,42.0,7.4,花蓮市區一般住商混合區
2007,花蓮縣,花蓮市,國裕里,162.0,98.0,42.0,7.4,花蓮市區一般住商混合區
2007,花蓮縣,花蓮市,國防里,162.0,98.0,42.0,7.4,花蓮市區一般住商混合區
2007,花蓮縣,花蓮市,國風里,162.0,98.0,42.0,7.4,花蓮市區一般住商混合區
2007,花蓮縣,花蓮市,國魂里,162.0,98.0,42.0,7.4,花蓮市區一般住商混合區
2007,花蓮縣,花蓮市,民主里,324.0,98.0,42.0,7.4,花蓮市區一般住商混合區
2007,花蓮縣,花蓮市,民享里,162.0,98.0,42.0,7.4,花蓮市區一般住商混合區
2007,花蓮縣,花蓮市,民勤里,162.0,98.0,42.0,7.4,花蓮市區一般住商混合區
2007,花蓮縣,花蓮市,民孝里,162.0,98.0,42.0,7.4,花蓮市區一般住商混合區
2007,花蓮縣,花蓮市,民德里,162.0,98.0,42.0,7.4,花蓮市區一般住商混合區
2007,花蓮縣,花蓮市,民心里,162.0,98.0,42.0,7.4,花蓮市區一般住商混合區
2007,花蓮縣,花蓮市,民意里,162.0,98.0,42.0,7.4,花蓮市區一般住商混合區
2007,花蓮縣,花蓮市,民政里,162.0,98.0,42.0,7.4,花蓮市區一般住商混合區
2007,花蓮縣,花蓮市,民族里,216.0,45.0,20.0,15.0,尚未啟用（原舊鐵路花蓮工務段/空地，夜市活動在南濱與自強）
2007,花蓮縣,花蓮市,民有里,162.0,98.0,42.0,7.4,花蓮市區一般住商混合區
2007,花蓮縣,花蓮市,民樂里,162.0,98.0,42.0,7.4,花蓮市區一般住商混合區
2007,花蓮縣,花蓮市,民權里,162.0,98.0,42.0,7.4,花蓮市區一般住商混合區
2007,花蓮縣,花蓮市,民治里,162.0,98.0,42.0,7.4,花蓮市區一般住商混合區
2007,花蓮縣,花蓮市,民生里,324.0,98.0,42.0,7.4,花蓮市區一般住商混合區
2007,花蓮縣,花蓮市,民立里,162.0,98.0,42.0,7.4,花蓮市區一般住商混合區
2007,花蓮縣,花蓮市,民運里,162.0,98.0,42.0,7.4,花蓮市區一般住商混合區
2008,花蓮縣,花蓮市,主信里,165.5,99.5,43.0,7.6,花蓮市區一般住商混合區
2008,花蓮縣,花蓮市,主力里,1046.0,141.6,145.0,3.8,三中商圈黃金期，大禹街服飾與名牌聚集，夜間燈火通明
2008,花蓮縣,花蓮市,主勤里,476.0,99.5,43.0,7.6,花蓮市區一般住商混合區
2008,花蓮縣,花蓮市,主和里,165.5,99.5,43.0,7.6,花蓮市區一般住商混合區
2008,花蓮縣,花蓮市,主商里,1046.0,141.6,145.0,3.8,三中商圈黃金期，大禹街服飾與名牌聚集，夜間燈火通明
2008,花蓮縣,花蓮市,主學里,476.0,99.5,43.0,7.6,花蓮市區一般住商混合區
2008,花蓮縣,花蓮市,主安里,476.0,99.5,43.0,7.6,花蓮市區一般住商混合區
2008,花蓮縣,花蓮市,主工里,1046.0,141.6,145.0,3.8,三中商圈黃金期，大禹街服飾與名牌聚集，夜間燈火通明
2008,花蓮縣,花蓮市,主權里,165.5,99.5,43.0,7.6,花蓮市區一般住商混合區
2008,花蓮縣,花蓮市,主睦里,165.5,99.5,43.0,7.6,花蓮市區一般住商混合區
2008,花蓮縣,花蓮市,主義里,165.5,99.5,43.0,7.6,花蓮市區一般住商混合區
2008,花蓮縣,花蓮市,主計里,476.0,99.5,43.0,7.6,花蓮市區一般住商混合區
2008,花蓮縣,花蓮市,主農里,165.5,99.5,43.0,7.6,花蓮市區一般住商混合區
2008,花蓮縣,花蓮市,國光里,165.5,99.5,43.0,7.6,花蓮市區一般住商混合區
2008,花蓮縣,花蓮市,國威里,1046.0,141.6,145.0,3.8,三中商圈黃金期，大禹街服飾與名牌聚集，夜間燈火通明
2008,花蓮縣,花蓮市,國安里,165.5,99.5,43.0,7.6,花蓮市區一般住商混合區
2008,花蓮縣,花蓮市,國富里,295.5,99.5,43.0,7.6,花蓮市區一般住商混合區
2008,花蓮縣,花蓮市,國強里,165.5,99.5,43.0,7.6,花蓮市區一般住商混合區
2008,花蓮縣,花蓮市,國慶里,165.5,99.5,43.0,7.6,花蓮市區一般住商混合區
2008,花蓮縣,花蓮市,國治里,165.5,99.5,43.0,7.6,花蓮市區一般住商混合區
2008,花蓮縣,花蓮市,國盛里,295.5,99.5,43.0,7.6,花蓮市區一般住商混合區
2008,花蓮縣,花蓮市,國福里,165.5,99.5,43.0,7.6,花蓮市區一般住商混合區
2008,花蓮縣,花蓮市,國聯里,295.5,99.5,43.0,7.6,花蓮市區一般住商混合區
2008,花蓮縣,花蓮市,國興里,165.5,99.5,43.0,7.6,花蓮市區一般住商混合區
2008,花蓮縣,花蓮市,國華里,165.5,99.5,43.0,7.6,花蓮市區一般住商混合區
2008,花蓮縣,花蓮市,國裕里,165.5,99.5,43.0,7.6,花蓮市區一般住商混合區
2008,花蓮縣,花蓮市,國防里,165.5,99.5,43.0,7.6,花蓮市區一般住商混合區
2008,花蓮縣,花蓮市,國風里,165.5,99.5,43.0,7.6,花蓮市區一般住商混合區
2008,花蓮縣,花蓮市,國魂里,165.5,99.5,43.0,7.6,花蓮市區一般住商混合區
2008,花蓮縣,花蓮市,民主里,336.0,99.5,43.0,7.6,花蓮市區一般住商混合區
2008,花蓮縣,花蓮市,民享里,165.5,99.5,43.0,7.6,花蓮市區一般住商混合區
2008,花蓮縣,花蓮市,民勤里,165.5,99.5,43.0,7.6,花蓮市區一般住商混合區
2008,花蓮縣,花蓮市,民孝里,165.5,99.5,43.0,7.6,花蓮市區一般住商混合區
2008,花蓮縣,花蓮市,民德里,165.5,99.5,43.0,7.6,花蓮市區一般住商混合區
2008,花蓮縣,花蓮市,民心里,165.5,99.5,43.0,7.6,花蓮市區一般住商混合區
2008,花蓮縣,花蓮市,民意里,165.5,99.5,43.0,7.6,花蓮市區一般住商混合區
2008,花蓮縣,花蓮市,民政里,165.5,99.5,43.0,7.6,花蓮市區一般住商混合區
2008,花蓮縣,花蓮市,民族里,224.0,45.0,20.0,15.0,尚未啟用（原舊鐵路花蓮工務段/空地，夜市活動在南濱與自強）
2008,花蓮縣,花蓮市,民有里,165.5,99.5,43.0,7.6,花蓮市區一般住商混合區
2008,花蓮縣,花蓮市,民樂里,165.5,99.5,43.0,7.6,花蓮市區一般住商混合區
2008,花蓮縣,花蓮市,民權里,165.5,99.5,43.0,7.6,花蓮市區一般住商混合區
2008,花蓮縣,花蓮市,民治里,165.5,99.5,43.0,7.6,花蓮市區一般住商混合區
2008,花蓮縣,花蓮市,民生里,336.0,99.5,43.0,7.6,花蓮市區一般住商混合區
2008,花蓮縣,花蓮市,民立里,165.5,99.5,43.0,7.6,花蓮市區一般住商混合區
2008,花蓮縣,花蓮市,民運里,165.5,99.5,43.0,7.6,花蓮市區一般住商混合區
2009,花蓮縣,花蓮市,主信里,169.0,101.0,44.0,7.8,花蓮市區一般住商混合區
2009,花蓮縣,花蓮市,主力里,1074.0,144.8,150.0,3.9,三中商圈黃金期，大禹街服飾與名牌聚集，夜間燈火通明
2009,花蓮縣,花蓮市,主勤里,488.0,101.0,44.0,7.8,花蓮市區一般住商混合區
2009,花蓮縣,花蓮市,主和里,169.0,101.0,44.0,7.8,花蓮市區一般住商混合區
2009,花蓮縣,花蓮市,主商里,1074.0,144.8,150.0,3.9,三中商圈黃金期，大禹街服飾與名牌聚集，夜間燈火通明
2009,花蓮縣,花蓮市,主學里,488.0,101.0,44.0,7.8,花蓮市區一般住商混合區
2009,花蓮縣,花蓮市,主安里,488.0,101.0,44.0,7.8,花蓮市區一般住商混合區
2009,花蓮縣,花蓮市,主工里,1074.0,144.8,150.0,3.9,三中商圈黃金期，大禹街服飾與名牌聚集，夜間燈火通明
2009,花蓮縣,花蓮市,主權里,169.0,101.0,44.0,7.8,花蓮市區一般住商混合區
2009,花蓮縣,花蓮市,主睦里,169.0,101.0,44.0,7.8,花蓮市區一般住商混合區
2009,花蓮縣,花蓮市,主義里,169.0,101.0,44.0,7.8,花蓮市區一般住商混合區
2009,花蓮縣,花蓮市,主計里,488.0,101.0,44.0,7.8,花蓮市區一般住商混合區
2009,花蓮縣,花蓮市,主農里,169.0,101.0,44.0,7.8,花蓮市區一般住商混合區
2009,花蓮縣,花蓮市,國光里,169.0,101.0,44.0,7.8,花蓮市區一般住商混合區
2009,花蓮縣,花蓮市,國威里,1074.0,144.8,150.0,3.9,三中商圈黃金期，大禹街服飾與名牌聚集，夜間燈火通明
2009,花蓮縣,花蓮市,國安里,169.0,101.0,44.0,7.8,花蓮市區一般住商混合區
2009,花蓮縣,花蓮市,國富里,299.0,101.0,44.0,7.8,花蓮市區一般住商混合區
2009,花蓮縣,花蓮市,國強里,169.0,101.0,44.0,7.8,花蓮市區一般住商混合區
2009,花蓮縣,花蓮市,國慶里,169.0,101.0,44.0,7.8,花蓮市區一般住商混合區
2009,花蓮縣,花蓮市,國治里,169.0,101.0,44.0,7.8,花蓮市區一般住商混合區
2009,花蓮縣,花蓮市,國盛里,299.0,101.0,44.0,7.8,花蓮市區一般住商混合區
2009,花蓮縣,花蓮市,國福里,169.0,101.0,44.0,7.8,花蓮市區一般住商混合區
2009,花蓮縣,花蓮市,國聯里,299.0,101.0,44.0,7.8,花蓮市區一般住商混合區
2009,花蓮縣,花蓮市,國興里,169.0,101.0,44.0,7.8,花蓮市區一般住商混合區
2009,花蓮縣,花蓮市,國華里,169.0,101.0,44.0,7.8,花蓮市區一般住商混合區
2009,花蓮縣,花蓮市,國裕里,169.0,101.0,44.0,7.8,花蓮市區一般住商混合區
2009,花蓮縣,花蓮市,國防里,169.0,101.0,44.0,7.8,花蓮市區一般住商混合區
2009,花蓮縣,花蓮市,國風里,169.0,101.0,44.0,7.8,花蓮市區一般住商混合區
2009,花蓮縣,花蓮市,國魂里,169.0,101.0,44.0,7.8,花蓮市區一般住商混合區
2009,花蓮縣,花蓮市,民主里,348.0,101.0,44.0,7.8,花蓮市區一般住商混合區
2009,花蓮縣,花蓮市,民享里,169.0,101.0,44.0,7.8,花蓮市區一般住商混合區
2009,花蓮縣,花蓮市,民勤里,169.0,101.0,44.0,7.8,花蓮市區一般住商混合區
2009,花蓮縣,花蓮市,民孝里,169.0,101.0,44.0,7.8,花蓮市區一般住商混合區
2009,花蓮縣,花蓮市,民德里,169.0,101.0,44.0,7.8,花蓮市區一般住商混合區
2009,花蓮縣,花蓮市,民心里,169.0,101.0,44.0,7.8,花蓮市區一般住商混合區
2009,花蓮縣,花蓮市,民意里,169.0,101.0,44.0,7.8,花蓮市區一般住商混合區
2009,花蓮縣,花蓮市,民政里,169.0,101.0,44.0,7.8,花蓮市區一般住商混合區
2009,花蓮縣,花蓮市,民族里,232.0,45.0,20.0,15.0,尚未啟用（原舊鐵路花蓮工務段/空地，夜市活動在南濱與自強）
2009,花蓮縣,花蓮市,民有里,169.0,101.0,44.0,7.8,花蓮市區一般住商混合區
2009,花蓮縣,花蓮市,民樂里,169.0,101.0,44.0,7.8,花蓮市區一般住商混合區
2009,花蓮縣,花蓮市,民權里,169.0,101.0,44.0,7.8,花蓮市區一般住商混合區
2009,花蓮縣,花蓮市,民治里,169.0,101.0,44.0,7.8,花蓮市區一般住商混合區
2009,花蓮縣,花蓮市,民生里,348.0,101.0,44.0,7.8,花蓮市區一般住商混合區
2009,花蓮縣,花蓮市,民立里,169.0,101.0,44.0,7.8,花蓮市區一般住商混合區
2009,花蓮縣,花蓮市,民運里,169.0,101.0,44.0,7.8,花蓮市區一般住商混合區
2010,花蓮縣,花蓮市,主信里,172.5,102.5,45.0,8.0,花蓮市區一般住商混合區
2010,花蓮縣,花蓮市,主力里,1102.0,148.0,155.0,4.0,三中商圈黃金期，大禹街服飾與名牌聚集，夜間燈火通明
2010,花蓮縣,花蓮市,主勤里,500.0,102.5,45.0,8.0,花蓮市區一般住商混合區
2010,花蓮縣,花蓮市,主和里,172.5,102.5,45.0,8.0,花蓮市區一般住商混合區
2010,花蓮縣,花蓮市,主商里,1102.0,148.0,155.0,4.0,三中商圈黃金期，大禹街服飾與名牌聚集，夜間燈火通明
2010,花蓮縣,花蓮市,主學里,500.0,102.5,45.0,8.0,花蓮市區一般住商混合區
2010,花蓮縣,花蓮市,主安里,500.0,102.5,45.0,8.0,花蓮市區一般住商混合區
2010,花蓮縣,花蓮市,主工里,1102.0,148.0,155.0,4.0,三中商圈黃金期，大禹街服飾與名牌聚集，夜間燈火通明
2010,花蓮縣,花蓮市,主權里,172.5,102.5,45.0,8.0,花蓮市區一般住商混合區
2010,花蓮縣,花蓮市,主睦里,172.5,102.5,45.0,8.0,花蓮市區一般住商混合區
2010,花蓮縣,花蓮市,主義里,172.5,102.5,45.0,8.0,花蓮市區一般住商混合區
2010,花蓮縣,花蓮市,主計里,500.0,102.5,45.0,8.0,花蓮市區一般住商混合區
2010,花蓮縣,花蓮市,主農里,172.5,102.5,45.0,8.0,花蓮市區一般住商混合區
2010,花蓮縣,花蓮市,國光里,172.5,102.5,45.0,8.0,花蓮市區一般住商混合區
2010,花蓮縣,花蓮市,國威里,1102.0,148.0,155.0,4.0,三中商圈黃金期，大禹街服飾與名牌聚集，夜間燈火通明
2010,花蓮縣,花蓮市,國安里,172.5,102.5,45.0,8.0,花蓮市區一般住商混合區
2010,花蓮縣,花蓮市,國富里,302.5,102.5,45.0,8.0,花蓮市區一般住商混合區
2010,花蓮縣,花蓮市,國強里,172.5,102.5,45.0,8.0,花蓮市區一般住商混合區
2010,花蓮縣,花蓮市,國慶里,172.5,102.5,45.0,8.0,花蓮市區一般住商混合區
2010,花蓮縣,花蓮市,國治里,172.5,102.5,45.0,8.0,花蓮市區一般住商混合區
2010,花蓮縣,花蓮市,國盛里,302.5,102.5,45.0,8.0,花蓮市區一般住商混合區
2010,花蓮縣,花蓮市,國福里,172.5,102.5,45.0,8.0,花蓮市區一般住商混合區
2010,花蓮縣,花蓮市,國聯里,302.5,102.5,45.0,8.0,花蓮市區一般住商混合區
2010,花蓮縣,花蓮市,國興里,172.5,102.5,45.0,8.0,花蓮市區一般住商混合區
2010,花蓮縣,花蓮市,國華里,172.5,102.5,45.0,8.0,花蓮市區一般住商混合區
2010,花蓮縣,花蓮市,國裕里,172.5,102.5,45.0,8.0,花蓮市區一般住商混合區
2010,花蓮縣,花蓮市,國防里,172.5,102.5,45.0,8.0,花蓮市區一般住商混合區
2010,花蓮縣,花蓮市,國風里,172.5,102.5,45.0,8.0,花蓮市區一般住商混合區
2010,花蓮縣,花蓮市,國魂里,172.5,102.5,45.0,8.0,花蓮市區一般住商混合區
2010,花蓮縣,花蓮市,民主里,360.0,102.5,45.0,8.0,花蓮市區一般住商混合區
2010,花蓮縣,花蓮市,民享里,172.5,102.5,45.0,8.0,花蓮市區一般住商混合區
2010,花蓮縣,花蓮市,民勤里,172.5,102.5,45.0,8.0,花蓮市區一般住商混合區
2010,花蓮縣,花蓮市,民孝里,172.5,102.5,45.0,8.0,花蓮市區一般住商混合區
2010,花蓮縣,花蓮市,民德里,172.5,102.5,45.0,8.0,花蓮市區一般住商混合區
2010,花蓮縣,花蓮市,民心里,172.5,102.5,45.0,8.0,花蓮市區一般住商混合區
2010,花蓮縣,花蓮市,民意里,172.5,102.5,45.0,8.0,花蓮市區一般住商混合區
2010,花蓮縣,花蓮市,民政里,172.5,102.5,45.0,8.0,花蓮市區一般住商混合區
2010,花蓮縣,花蓮市,民族里,240.0,45.0,20.0,15.0,尚未啟用（原舊鐵路花蓮工務段/空地，夜市活動在南濱與自強）
2010,花蓮縣,花蓮市,民有里,172.5,102.5,45.0,8.0,花蓮市區一般住商混合區
2010,花蓮縣,花蓮市,民樂里,172.5,102.5,45.0,8.0,花蓮市區一般住商混合區
2010,花蓮縣,花蓮市,民權里,172.5,102.5,45.0,8.0,花蓮市區一般住商混合區
2010,花蓮縣,花蓮市,民治里,172.5,102.5,45.0,8.0,花蓮市區一般住商混合區
2010,花蓮縣,花蓮市,民生里,360.0,102.5,45.0,8.0,花蓮市區一般住商混合區
2010,花蓮縣,花蓮市,民立里,172.5,102.5,45.0,8.0,花蓮市區一般住商混合區
2010,花蓮縣,花蓮市,民運里,172.5,102.5,45.0,8.0,花蓮市區一般住商混合區
2011,花蓮縣,花蓮市,主信里,176.0,104.0,46.0,8.2,花蓮市區一般住商混合區
2011,花蓮縣,花蓮市,主力里,1130.0,151.2,160.0,4.1,三中商圈黃金期，大禹街服飾與名牌聚集，夜間燈火通明
2011,花蓮縣,花蓮市,主勤里,512.0,104.0,46.0,8.2,花蓮市區一般住商混合區
2011,花蓮縣,花蓮市,主和里,176.0,104.0,46.0,8.2,花蓮市區一般住商混合區
2011,花蓮縣,花蓮市,主商里,1130.0,151.2,160.0,4.1,三中商圈黃金期，大禹街服飾與名牌聚集，夜間燈火通明
2011,花蓮縣,花蓮市,主學里,512.0,104.0,46.0,8.2,花蓮市區一般住商混合區
2011,花蓮縣,花蓮市,主安里,512.0,104.0,46.0,8.2,花蓮市區一般住商混合區
2011,花蓮縣,花蓮市,主工里,1130.0,151.2,160.0,4.1,三中商圈黃金期，大禹街服飾與名牌聚集，夜間燈火通明
2011,花蓮縣,花蓮市,主權里,176.0,104.0,46.0,8.2,花蓮市區一般住商混合區
2011,花蓮縣,花蓮市,主睦里,176.0,104.0,46.0,8.2,花蓮市區一般住商混合區
2011,花蓮縣,花蓮市,主義里,176.0,104.0,46.0,8.2,花蓮市區一般住商混合區
2011,花蓮縣,花蓮市,主計里,512.0,104.0,46.0,8.2,花蓮市區一般住商混合區
2011,花蓮縣,花蓮市,主農里,176.0,104.0,46.0,8.2,花蓮市區一般住商混合區
2011,花蓮縣,花蓮市,國光里,176.0,104.0,46.0,8.2,花蓮市區一般住商混合區
2011,花蓮縣,花蓮市,國威里,1130.0,151.2,160.0,4.1,三中商圈黃金期，大禹街服飾與名牌聚集，夜間燈火通明
2011,花蓮縣,花蓮市,國安里,176.0,104.0,46.0,8.2,花蓮市區一般住商混合區
2011,花蓮縣,花蓮市,國富里,306.0,104.0,46.0,8.2,花蓮市區一般住商混合區
2011,花蓮縣,花蓮市,國強里,176.0,104.0,46.0,8.2,花蓮市區一般住商混合區
2011,花蓮縣,花蓮市,國慶里,176.0,104.0,46.0,8.2,花蓮市區一般住商混合區
2011,花蓮縣,花蓮市,國治里,176.0,104.0,46.0,8.2,花蓮市區一般住商混合區
2011,花蓮縣,花蓮市,國盛里,306.0,104.0,46.0,8.2,花蓮市區一般住商混合區
2011,花蓮縣,花蓮市,國福里,176.0,104.0,46.0,8.2,花蓮市區一般住商混合區
2011,花蓮縣,花蓮市,國聯里,306.0,104.0,46.0,8.2,花蓮市區一般住商混合區
2011,花蓮縣,花蓮市,國興里,176.0,104.0,46.0,8.2,花蓮市區一般住商混合區
2011,花蓮縣,花蓮市,國華里,176.0,104.0,46.0,8.2,花蓮市區一般住商混合區
2011,花蓮縣,花蓮市,國裕里,176.0,104.0,46.0,8.2,花蓮市區一般住商混合區
2011,花蓮縣,花蓮市,國防里,176.0,104.0,46.0,8.2,花蓮市區一般住商混合區
2011,花蓮縣,花蓮市,國風里,176.0,104.0,46.0,8.2,花蓮市區一般住商混合區
2011,花蓮縣,花蓮市,國魂里,176.0,104.0,46.0,8.2,花蓮市區一般住商混合區
2011,花蓮縣,花蓮市,民主里,372.0,104.0,46.0,8.2,花蓮市區一般住商混合區
2011,花蓮縣,花蓮市,民享里,176.0,104.0,46.0,8.2,花蓮市區一般住商混合區
2011,花蓮縣,花蓮市,民勤里,176.0,104.0,46.0,8.2,花蓮市區一般住商混合區
2011,花蓮縣,花蓮市,民孝里,176.0,104.0,46.0,8.2,花蓮市區一般住商混合區
2011,花蓮縣,花蓮市,民德里,176.0,104.0,46.0,8.2,花蓮市區一般住商混合區
2011,花蓮縣,花蓮市,民心里,176.0,104.0,46.0,8.2,花蓮市區一般住商混合區
2011,花蓮縣,花蓮市,民意里,176.0,104.0,46.0,8.2,花蓮市區一般住商混合區
2011,花蓮縣,花蓮市,民政里,176.0,104.0,46.0,8.2,花蓮市區一般住商混合區
2011,花蓮縣,花蓮市,民族里,248.0,45.0,20.0,15.0,尚未啟用（原舊鐵路花蓮工務段/空地，夜市活動在南濱與自強）
2011,花蓮縣,花蓮市,民有里,176.0,104.0,46.0,8.2,花蓮市區一般住商混合區
2011,花蓮縣,花蓮市,民樂里,176.0,104.0,46.0,8.2,花蓮市區一般住商混合區
2011,花蓮縣,花蓮市,民權里,176.0,104.0,46.0,8.2,花蓮市區一般住商混合區
2011,花蓮縣,花蓮市,民治里,176.0,104.0,46.0,8.2,花蓮市區一般住商混合區
2011,花蓮縣,花蓮市,民生里,372.0,104.0,46.0,8.2,花蓮市區一般住商混合區
2011,花蓮縣,花蓮市,民立里,176.0,104.0,46.0,8.2,花蓮市區一般住商混合區
2011,花蓮縣,花蓮市,民運里,176.0,104.0,46.0,8.2,花蓮市區一般住商混合區
2012,花蓮縣,花蓮市,主信里,179.5,105.5,47.0,8.4,花蓮市區一般住商混合區
2012,花蓮縣,花蓮市,主力里,1158.0,154.4,165.0,4.2,三中商圈黃金期，大禹街服飾與名牌聚集，夜間燈火通明
2012,花蓮縣,花蓮市,主勤里,524.0,105.5,47.0,8.4,花蓮市區一般住商混合區
2012,花蓮縣,花蓮市,主和里,179.5,105.5,47.0,8.4,花蓮市區一般住商混合區
2012,花蓮縣,花蓮市,主商里,1158.0,154.4,165.0,4.2,三中商圈黃金期，大禹街服飾與名牌聚集，夜間燈火通明
2012,花蓮縣,花蓮市,主學里,524.0,105.5,47.0,8.4,花蓮市區一般住商混合區
2012,花蓮縣,花蓮市,主安里,524.0,105.5,47.0,8.4,花蓮市區一般住商混合區
2012,花蓮縣,花蓮市,主工里,1158.0,154.4,165.0,4.2,三中商圈黃金期，大禹街服飾與名牌聚集，夜間燈火通明
2012,花蓮縣,花蓮市,主權里,179.5,105.5,47.0,8.4,花蓮市區一般住商混合區
2012,花蓮縣,花蓮市,主睦里,179.5,105.5,47.0,8.4,花蓮市區一般住商混合區
2012,花蓮縣,花蓮市,主義里,179.5,105.5,47.0,8.4,花蓮市區一般住商混合區
2012,花蓮縣,花蓮市,主計里,524.0,105.5,47.0,8.4,花蓮市區一般住商混合區
2012,花蓮縣,花蓮市,主農里,179.5,105.5,47.0,8.4,花蓮市區一般住商混合區
2012,花蓮縣,花蓮市,國光里,179.5,105.5,47.0,8.4,花蓮市區一般住商混合區
2012,花蓮縣,花蓮市,國威里,1158.0,154.4,165.0,4.2,三中商圈黃金期，大禹街服飾與名牌聚集，夜間燈火通明
2012,花蓮縣,花蓮市,國安里,179.5,105.5,47.0,8.4,花蓮市區一般住商混合區
2012,花蓮縣,花蓮市,國富里,309.5,105.5,47.0,8.4,花蓮市區一般住商混合區
2012,花蓮縣,花蓮市,國強里,179.5,105.5,47.0,8.4,花蓮市區一般住商混合區
2012,花蓮縣,花蓮市,國慶里,179.5,105.5,47.0,8.4,花蓮市區一般住商混合區
2012,花蓮縣,花蓮市,國治里,179.5,105.5,47.0,8.4,花蓮市區一般住商混合區
2012,花蓮縣,花蓮市,國盛里,309.5,105.5,47.0,8.4,花蓮市區一般住商混合區
2012,花蓮縣,花蓮市,國福里,179.5,105.5,47.0,8.4,花蓮市區一般住商混合區
2012,花蓮縣,花蓮市,國聯里,309.5,105.5,47.0,8.4,花蓮市區一般住商混合區
2012,花蓮縣,花蓮市,國興里,179.5,105.5,47.0,8.4,花蓮市區一般住商混合區
2012,花蓮縣,花蓮市,國華里,179.5,105.5,47.0,8.4,花蓮市區一般住商混合區
2012,花蓮縣,花蓮市,國裕里,179.5,105.5,47.0,8.4,花蓮市區一般住商混合區
2012,花蓮縣,花蓮市,國防里,179.5,105.5,47.0,8.4,花蓮市區一般住商混合區
2012,花蓮縣,花蓮市,國風里,179.5,105.5,47.0,8.4,花蓮市區一般住商混合區
2012,花蓮縣,花蓮市,國魂里,179.5,105.5,47.0,8.4,花蓮市區一般住商混合區
2012,花蓮縣,花蓮市,民主里,384.0,105.5,47.0,8.4,花蓮市區一般住商混合區
2012,花蓮縣,花蓮市,民享里,179.5,105.5,47.0,8.4,花蓮市區一般住商混合區
2012,花蓮縣,花蓮市,民勤里,179.5,105.5,47.0,8.4,花蓮市區一般住商混合區
2012,花蓮縣,花蓮市,民孝里,179.5,105.5,47.0,8.4,花蓮市區一般住商混合區
2012,花蓮縣,花蓮市,民德里,179.5,105.5,47.0,8.4,花蓮市區一般住商混合區
2012,花蓮縣,花蓮市,民心里,179.5,105.5,47.0,8.4,花蓮市區一般住商混合區
2012,花蓮縣,花蓮市,民意里,179.5,105.5,47.0,8.4,花蓮市區一般住商混合區
2012,花蓮縣,花蓮市,民政里,179.5,105.5,47.0,8.4,花蓮市區一般住商混合區
2012,花蓮縣,花蓮市,民族里,256.0,45.0,20.0,15.0,尚未啟用（原舊鐵路花蓮工務段/空地，夜市活動在南濱與自強）
2012,花蓮縣,花蓮市,民有里,179.5,105.5,47.0,8.4,花蓮市區一般住商混合區
2012,花蓮縣,花蓮市,民樂里,179.5,105.5,47.0,8.4,花蓮市區一般住商混合區
2012,花蓮縣,花蓮市,民權里,179.5,105.5,47.0,8.4,花蓮市區一般住商混合區
2012,花蓮縣,花蓮市,民治里,179.5,105.5,47.0,8.4,花蓮市區一般住商混合區
2012,花蓮縣,花蓮市,民生里,384.0,105.5,47.0,8.4,花蓮市區一般住商混合區
2012,花蓮縣,花蓮市,民立里,179.5,105.5,47.0,8.4,花蓮市區一般住商混合區
2012,花蓮縣,花蓮市,民運里,179.5,105.5,47.0,8.4,花蓮市區一般住商混合區
2013,花蓮縣,花蓮市,主信里,183.0,107.0,48.0,8.6,花蓮市區一般住商混合區
2013,花蓮縣,花蓮市,主力里,1186.0,157.6,170.0,4.3,三中商圈黃金期，大禹街服飾與名牌聚集，夜間燈火通明
2013,花蓮縣,花蓮市,主勤里,536.0,107.0,48.0,8.6,花蓮市區一般住商混合區
2013,花蓮縣,花蓮市,主和里,183.0,107.0,48.0,8.6,花蓮市區一般住商混合區
2013,花蓮縣,花蓮市,主商里,1186.0,157.6,170.0,4.3,三中商圈黃金期，大禹街服飾與名牌聚集，夜間燈火通明
2013,花蓮縣,花蓮市,主學里,536.0,107.0,48.0,8.6,花蓮市區一般住商混合區
2013,花蓮縣,花蓮市,主安里,536.0,107.0,48.0,8.6,花蓮市區一般住商混合區
2013,花蓮縣,花蓮市,主工里,1186.0,157.6,170.0,4.3,三中商圈黃金期，大禹街服飾與名牌聚集，夜間燈火通明
2013,花蓮縣,花蓮市,主權里,183.0,107.0,48.0,8.6,花蓮市區一般住商混合區
2013,花蓮縣,花蓮市,主睦里,183.0,107.0,48.0,8.6,花蓮市區一般住商混合區
2013,花蓮縣,花蓮市,主義里,183.0,107.0,48.0,8.6,花蓮市區一般住商混合區
2013,花蓮縣,花蓮市,主計里,536.0,107.0,48.0,8.6,花蓮市區一般住商混合區
2013,花蓮縣,花蓮市,主農里,183.0,107.0,48.0,8.6,花蓮市區一般住商混合區
2013,花蓮縣,花蓮市,國光里,183.0,107.0,48.0,8.6,花蓮市區一般住商混合區
2013,花蓮縣,花蓮市,國威里,1186.0,157.6,170.0,4.3,三中商圈黃金期，大禹街服飾與名牌聚集，夜間燈火通明
2013,花蓮縣,花蓮市,國安里,183.0,107.0,48.0,8.6,花蓮市區一般住商混合區
2013,花蓮縣,花蓮市,國富里,313.0,107.0,48.0,8.6,花蓮市區一般住商混合區
2013,花蓮縣,花蓮市,國強里,183.0,107.0,48.0,8.6,花蓮市區一般住商混合區
2013,花蓮縣,花蓮市,國慶里,183.0,107.0,48.0,8.6,花蓮市區一般住商混合區
2013,花蓮縣,花蓮市,國治里,183.0,107.0,48.0,8.6,花蓮市區一般住商混合區
2013,花蓮縣,花蓮市,國盛里,313.0,107.0,48.0,8.6,花蓮市區一般住商混合區
2013,花蓮縣,花蓮市,國福里,183.0,107.0,48.0,8.6,花蓮市區一般住商混合區
2013,花蓮縣,花蓮市,國聯里,313.0,107.0,48.0,8.6,花蓮市區一般住商混合區
2013,花蓮縣,花蓮市,國興里,183.0,107.0,48.0,8.6,花蓮市區一般住商混合區
2013,花蓮縣,花蓮市,國華里,183.0,107.0,48.0,8.6,花蓮市區一般住商混合區
2013,花蓮縣,花蓮市,國裕里,183.0,107.0,48.0,8.6,花蓮市區一般住商混合區
2013,花蓮縣,花蓮市,國防里,183.0,107.0,48.0,8.6,花蓮市區一般住商混合區
2013,花蓮縣,花蓮市,國風里,183.0,107.0,48.0,8.6,花蓮市區一般住商混合區
2013,花蓮縣,花蓮市,國魂里,183.0,107.0,48.0,8.6,花蓮市區一般住商混合區
2013,花蓮縣,花蓮市,民主里,396.0,107.0,48.0,8.6,花蓮市區一般住商混合區
2013,花蓮縣,花蓮市,民享里,183.0,107.0,48.0,8.6,花蓮市區一般住商混合區
2013,花蓮縣,花蓮市,民勤里,183.0,107.0,48.0,8.6,花蓮市區一般住商混合區
2013,花蓮縣,花蓮市,民孝里,183.0,107.0,48.0,8.6,花蓮市區一般住商混合區
2013,花蓮縣,花蓮市,民德里,183.0,107.0,48.0,8.6,花蓮市區一般住商混合區
2013,花蓮縣,花蓮市,民心里,183.0,107.0,48.0,8.6,花蓮市區一般住商混合區
2013,花蓮縣,花蓮市,民意里,183.0,107.0,48.0,8.6,花蓮市區一般住商混合區
2013,花蓮縣,花蓮市,民政里,183.0,107.0,48.0,8.6,花蓮市區一般住商混合區
2013,花蓮縣,花蓮市,民族里,264.0,45.0,20.0,15.0,尚未啟用（原舊鐵路花蓮工務段/空地，夜市活動在南濱與自強）
2013,花蓮縣,花蓮市,民有里,183.0,107.0,48.0,8.6,花蓮市區一般住商混合區
2013,花蓮縣,花蓮市,民樂里,183.0,107.0,48.0,8.6,花蓮市區一般住商混合區
2013,花蓮縣,花蓮市,民權里,183.0,107.0,48.0,8.6,花蓮市區一般住商混合區
2013,花蓮縣,花蓮市,民治里,183.0,107.0,48.0,8.6,花蓮市區一般住商混合區
2013,花蓮縣,花蓮市,民生里,396.0,107.0,48.0,8.6,花蓮市區一般住商混合區
2013,花蓮縣,花蓮市,民立里,183.0,107.0,48.0,8.6,花蓮市區一般住商混合區
2013,花蓮縣,花蓮市,民運里,183.0,107.0,48.0,8.6,花蓮市區一般住商混合區
2014,花蓮縣,花蓮市,主信里,186.5,108.5,49.0,8.8,花蓮市區一般住商混合區
2014,花蓮縣,花蓮市,主力里,1214.0,160.8,175.0,4.4,三中商圈黃金期，大禹街服飾與名牌聚集，夜間燈火通明
2014,花蓮縣,花蓮市,主勤里,548.0,108.5,49.0,8.8,花蓮市區一般住商混合區
2014,花蓮縣,花蓮市,主和里,186.5,108.5,49.0,8.8,花蓮市區一般住商混合區
2014,花蓮縣,花蓮市,主商里,1214.0,160.8,175.0,4.4,三中商圈黃金期，大禹街服飾與名牌聚集，夜間燈火通明
2014,花蓮縣,花蓮市,主學里,548.0,108.5,49.0,8.8,花蓮市區一般住商混合區
2014,花蓮縣,花蓮市,主安里,548.0,108.5,49.0,8.8,花蓮市區一般住商混合區
2014,花蓮縣,花蓮市,主工里,1214.0,160.8,175.0,4.4,三中商圈黃金期，大禹街服飾與名牌聚集，夜間燈火通明
2014,花蓮縣,花蓮市,主權里,186.5,108.5,49.0,8.8,花蓮市區一般住商混合區
2014,花蓮縣,花蓮市,主睦里,186.5,108.5,49.0,8.8,花蓮市區一般住商混合區
2014,花蓮縣,花蓮市,主義里,186.5,108.5,49.0,8.8,花蓮市區一般住商混合區
2014,花蓮縣,花蓮市,主計里,548.0,108.5,49.0,8.8,花蓮市區一般住商混合區
2014,花蓮縣,花蓮市,主農里,186.5,108.5,49.0,8.8,花蓮市區一般住商混合區
2014,花蓮縣,花蓮市,國光里,186.5,108.5,49.0,8.8,花蓮市區一般住商混合區
2014,花蓮縣,花蓮市,國威里,1214.0,160.8,175.0,4.4,三中商圈黃金期，大禹街服飾與名牌聚集，夜間燈火通明
2014,花蓮縣,花蓮市,國安里,186.5,108.5,49.0,8.8,花蓮市區一般住商混合區
2014,花蓮縣,花蓮市,國富里,316.5,108.5,49.0,8.8,花蓮市區一般住商混合區
2014,花蓮縣,花蓮市,國強里,186.5,108.5,49.0,8.8,花蓮市區一般住商混合區
2014,花蓮縣,花蓮市,國慶里,186.5,108.5,49.0,8.8,花蓮市區一般住商混合區
2014,花蓮縣,花蓮市,國治里,186.5,108.5,49.0,8.8,花蓮市區一般住商混合區
2014,花蓮縣,花蓮市,國盛里,316.5,108.5,49.0,8.8,花蓮市區一般住商混合區
2014,花蓮縣,花蓮市,國福里,186.5,108.5,49.0,8.8,花蓮市區一般住商混合區
2014,花蓮縣,花蓮市,國聯里,316.5,108.5,49.0,8.8,花蓮市區一般住商混合區
2014,花蓮縣,花蓮市,國興里,186.5,108.5,49.0,8.8,花蓮市區一般住商混合區
2014,花蓮縣,花蓮市,國華里,186.5,108.5,49.0,8.8,花蓮市區一般住商混合區
2014,花蓮縣,花蓮市,國裕里,186.5,108.5,49.0,8.8,花蓮市區一般住商混合區
2014,花蓮縣,花蓮市,國防里,186.5,108.5,49.0,8.8,花蓮市區一般住商混合區
2014,花蓮縣,花蓮市,國風里,186.5,108.5,49.0,8.8,花蓮市區一般住商混合區
2014,花蓮縣,花蓮市,國魂里,186.5,108.5,49.0,8.8,花蓮市區一般住商混合區
2014,花蓮縣,花蓮市,民主里,408.0,108.5,49.0,8.8,花蓮市區一般住商混合區
2014,花蓮縣,花蓮市,民享里,186.5,108.5,49.0,8.8,花蓮市區一般住商混合區
2014,花蓮縣,花蓮市,民勤里,186.5,108.5,49.0,8.8,花蓮市區一般住商混合區
2014,花蓮縣,花蓮市,民孝里,186.5,108.5,49.0,8.8,花蓮市區一般住商混合區
2014,花蓮縣,花蓮市,民德里,186.5,108.5,49.0,8.8,花蓮市區一般住商混合區
2014,花蓮縣,花蓮市,民心里,186.5,108.5,49.0,8.8,花蓮市區一般住商混合區
2014,花蓮縣,花蓮市,民意里,186.5,108.5,49.0,8.8,花蓮市區一般住商混合區
2014,花蓮縣,花蓮市,民政里,186.5,108.5,49.0,8.8,花蓮市區一般住商混合區
2014,花蓮縣,花蓮市,民族里,272.0,45.0,20.0,15.0,尚未啟用（原舊鐵路花蓮工務段/空地，夜市活動在南濱與自強）
2014,花蓮縣,花蓮市,民有里,186.5,108.5,49.0,8.8,花蓮市區一般住商混合區
2014,花蓮縣,花蓮市,民樂里,186.5,108.5,49.0,8.8,花蓮市區一般住商混合區
2014,花蓮縣,花蓮市,民權里,186.5,108.5,49.0,8.8,花蓮市區一般住商混合區
2014,花蓮縣,花蓮市,民治里,186.5,108.5,49.0,8.8,花蓮市區一般住商混合區
2014,花蓮縣,花蓮市,民生里,408.0,108.5,49.0,8.8,花蓮市區一般住商混合區
2014,花蓮縣,花蓮市,民立里,186.5,108.5,49.0,8.8,花蓮市區一般住商混合區
2014,花蓮縣,花蓮市,民運里,186.5,108.5,49.0,8.8,花蓮市區一般住商混合區
2015,花蓮縣,花蓮市,主信里,190.0,110.0,50.0,9.0,花蓮市區一般住商混合區
2015,花蓮縣,花蓮市,主力里,1150.0,155.0,160.0,5.0,東大門夜市開幕，晚間 6 點後人潮首度出現外流分水嶺
2015,花蓮縣,花蓮市,主勤里,530.0,110.0,50.0,9.0,花蓮市區一般住商混合區
2015,花蓮縣,花蓮市,主和里,190.0,110.0,50.0,9.0,花蓮市區一般住商混合區
2015,花蓮縣,花蓮市,主商里,1150.0,155.0,160.0,5.0,東大門夜市開幕，晚間 6 點後人潮首度出現外流分水嶺
2015,花蓮縣,花蓮市,主學里,530.0,110.0,50.0,9.0,花蓮市區一般住商混合區
2015,花蓮縣,花蓮市,主安里,530.0,110.0,50.0,9.0,花蓮市區一般住商混合區
2015,花蓮縣,花蓮市,主工里,1150.0,155.0,160.0,5.0,東大門夜市開幕，晚間 6 點後人潮首度出現外流分水嶺
2015,花蓮縣,花蓮市,主權里,190.0,110.0,50.0,9.0,花蓮市區一般住商混合區
2015,花蓮縣,花蓮市,主睦里,190.0,110.0,50.0,9.0,花蓮市區一般住商混合區
2015,花蓮縣,花蓮市,主義里,190.0,110.0,50.0,9.0,花蓮市區一般住商混合區
2015,花蓮縣,花蓮市,主計里,530.0,110.0,50.0,9.0,花蓮市區一般住商混合區
2015,花蓮縣,花蓮市,主農里,190.0,110.0,50.0,9.0,花蓮市區一般住商混合區
2015,花蓮縣,花蓮市,國光里,190.0,110.0,50.0,9.0,花蓮市區一般住商混合區
2015,花蓮縣,花蓮市,國威里,1150.0,155.0,160.0,5.0,東大門夜市開幕，晚間 6 點後人潮首度出現外流分水嶺
2015,花蓮縣,花蓮市,國安里,190.0,110.0,50.0,9.0,花蓮市區一般住商混合區
2015,花蓮縣,花蓮市,國富里,320.0,110.0,50.0,9.0,花蓮市區一般住商混合區
2015,花蓮縣,花蓮市,國強里,190.0,110.0,50.0,9.0,花蓮市區一般住商混合區
2015,花蓮縣,花蓮市,國慶里,190.0,110.0,50.0,9.0,花蓮市區一般住商混合區
2015,花蓮縣,花蓮市,國治里,190.0,110.0,50.0,9.0,花蓮市區一般住商混合區
2015,花蓮縣,花蓮市,國盛里,320.0,110.0,50.0,9.0,花蓮市區一般住商混合區
2015,花蓮縣,花蓮市,國福里,190.0,110.0,50.0,9.0,花蓮市區一般住商混合區
2015,花蓮縣,花蓮市,國聯里,320.0,110.0,50.0,9.0,花蓮市區一般住商混合區
2015,花蓮縣,花蓮市,國興里,190.0,110.0,50.0,9.0,花蓮市區一般住商混合區
2015,花蓮縣,花蓮市,國華里,190.0,110.0,50.0,9.0,花蓮市區一般住商混合區
2015,花蓮縣,花蓮市,國裕里,190.0,110.0,50.0,9.0,花蓮市區一般住商混合區
2015,花蓮縣,花蓮市,國防里,190.0,110.0,50.0,9.0,花蓮市區一般住商混合區
2015,花蓮縣,花蓮市,國風里,190.0,110.0,50.0,9.0,花蓮市區一般住商混合區
2015,花蓮縣,花蓮市,國魂里,190.0,110.0,50.0,9.0,花蓮市區一般住商混合區
2015,花蓮縣,花蓮市,民主里,450.0,110.0,50.0,9.0,花蓮市區一般住商混合區
2015,花蓮縣,花蓮市,民享里,190.0,110.0,50.0,9.0,花蓮市區一般住商混合區
2015,花蓮縣,花蓮市,民勤里,190.0,110.0,50.0,9.0,花蓮市區一般住商混合區
2015,花蓮縣,花蓮市,民孝里,190.0,110.0,50.0,9.0,花蓮市區一般住商混合區
2015,花蓮縣,花蓮市,民德里,190.0,110.0,50.0,9.0,花蓮市區一般住商混合區
2015,花蓮縣,花蓮市,民心里,190.0,110.0,50.0,9.0,花蓮市區一般住商混合區
2015,花蓮縣,花蓮市,民意里,190.0,110.0,50.0,9.0,花蓮市區一般住商混合區
2015,花蓮縣,花蓮市,民政里,190.0,110.0,50.0,9.0,花蓮市區一般住商混合區
2015,花蓮縣,花蓮市,民族里,750.0,180.0,150.0,4.0,東大門國際觀光夜市正式啟用！400 攤進駐，成為夜間觀光心臟
2015,花蓮縣,花蓮市,民有里,190.0,110.0,50.0,9.0,花蓮市區一般住商混合區
2015,花蓮縣,花蓮市,民樂里,190.0,110.0,50.0,9.0,花蓮市區一般住商混合區
2015,花蓮縣,花蓮市,民權里,190.0,110.0,50.0,9.0,花蓮市區一般住商混合區
2015,花蓮縣,花蓮市,民治里,190.0,110.0,50.0,9.0,花蓮市區一般住商混合區
2015,花蓮縣,花蓮市,民生里,450.0,110.0,50.0,9.0,花蓮市區一般住商混合區
2015,花蓮縣,花蓮市,民立里,190.0,110.0,50.0,9.0,花蓮市區一般住商混合區
2015,花蓮縣,花蓮市,民運里,190.0,110.0,50.0,9.0,花蓮市區一般住商混合區
2016,花蓮縣,花蓮市,主信里,193.5,111.5,51.0,9.2,花蓮市區一般住商混合區
2016,花蓮縣,花蓮市,主力里,1120.0,148.5,145.0,7.8,夜間提前至 8 點打烊，大禹街服飾受電商打擊首現招租潮
2016,花蓮縣,花蓮市,主勤里,510.0,111.5,51.0,9.2,花蓮市區一般住商混合區
2016,花蓮縣,花蓮市,主和里,193.5,111.5,51.0,9.2,花蓮市區一般住商混合區
2016,花蓮縣,花蓮市,主商里,1120.0,148.5,145.0,7.8,夜間提前至 8 點打烊，大禹街服飾受電商打擊首現招租潮
2016,花蓮縣,花蓮市,主學里,510.0,111.5,51.0,9.2,花蓮市區一般住商混合區
2016,花蓮縣,花蓮市,主安里,510.0,111.5,51.0,9.2,花蓮市區一般住商混合區
2016,花蓮縣,花蓮市,主工里,1120.0,148.5,145.0,7.8,夜間提前至 8 點打烊，大禹街服飾受電商打擊首現招租潮
2016,花蓮縣,花蓮市,主權里,193.5,111.5,51.0,9.2,花蓮市區一般住商混合區
2016,花蓮縣,花蓮市,主睦里,193.5,111.5,51.0,9.2,花蓮市區一般住商混合區
2016,花蓮縣,花蓮市,主義里,193.5,111.5,51.0,9.2,花蓮市區一般住商混合區
2016,花蓮縣,花蓮市,主計里,510.0,111.5,51.0,9.2,花蓮市區一般住商混合區
2016,花蓮縣,花蓮市,主農里,193.5,111.5,51.0,9.2,花蓮市區一般住商混合區
2016,花蓮縣,花蓮市,國光里,193.5,111.5,51.0,9.2,花蓮市區一般住商混合區
2016,花蓮縣,花蓮市,國威里,1120.0,148.5,145.0,7.8,夜間提前至 8 點打烊，大禹街服飾受電商打擊首現招租潮
2016,花蓮縣,花蓮市,國安里,193.5,111.5,51.0,9.2,花蓮市區一般住商混合區
2016,花蓮縣,花蓮市,國富里,323.5,111.5,51.0,9.2,花蓮市區一般住商混合區
2016,花蓮縣,花蓮市,國強里,193.5,111.5,51.0,9.2,花蓮市區一般住商混合區
2016,花蓮縣,花蓮市,國慶里,193.5,111.5,51.0,9.2,花蓮市區一般住商混合區
2016,花蓮縣,花蓮市,國治里,193.5,111.5,51.0,9.2,花蓮市區一般住商混合區
2016,花蓮縣,花蓮市,國盛里,323.5,111.5,51.0,9.2,花蓮市區一般住商混合區
2016,花蓮縣,花蓮市,國福里,193.5,111.5,51.0,9.2,花蓮市區一般住商混合區
2016,花蓮縣,花蓮市,國聯里,323.5,111.5,51.0,9.2,花蓮市區一般住商混合區
2016,花蓮縣,花蓮市,國興里,193.5,111.5,51.0,9.2,花蓮市區一般住商混合區
2016,花蓮縣,花蓮市,國華里,193.5,111.5,51.0,9.2,花蓮市區一般住商混合區
2016,花蓮縣,花蓮市,國裕里,193.5,111.5,51.0,9.2,花蓮市區一般住商混合區
2016,花蓮縣,花蓮市,國防里,193.5,111.5,51.0,9.2,花蓮市區一般住商混合區
2016,花蓮縣,花蓮市,國風里,193.5,111.5,51.0,9.2,花蓮市區一般住商混合區
2016,花蓮縣,花蓮市,國魂里,193.5,111.5,51.0,9.2,花蓮市區一般住商混合區
2016,花蓮縣,花蓮市,民主里,520.0,111.5,51.0,9.2,花蓮市區一般住商混合區
2016,花蓮縣,花蓮市,民享里,193.5,111.5,51.0,9.2,花蓮市區一般住商混合區
2016,花蓮縣,花蓮市,民勤里,193.5,111.5,51.0,9.2,花蓮市區一般住商混合區
2016,花蓮縣,花蓮市,民孝里,193.5,111.5,51.0,9.2,花蓮市區一般住商混合區
2016,花蓮縣,花蓮市,民德里,193.5,111.5,51.0,9.2,花蓮市區一般住商混合區
2016,花蓮縣,花蓮市,民心里,193.5,111.5,51.0,9.2,花蓮市區一般住商混合區
2016,花蓮縣,花蓮市,民意里,193.5,111.5,51.0,9.2,花蓮市區一般住商混合區
2016,花蓮縣,花蓮市,民政里,193.5,111.5,51.0,9.2,花蓮市區一般住商混合區
2016,花蓮縣,花蓮市,民族里,850.0,195.0,170.0,4.0,全台夜市券冠軍，年湧入逾 400 萬人次，晚間人潮極度飽和
2016,花蓮縣,花蓮市,民有里,193.5,111.5,51.0,9.2,花蓮市區一般住商混合區
2016,花蓮縣,花蓮市,民樂里,193.5,111.5,51.0,9.2,花蓮市區一般住商混合區
2016,花蓮縣,花蓮市,民權里,193.5,111.5,51.0,9.2,花蓮市區一般住商混合區
2016,花蓮縣,花蓮市,民治里,193.5,111.5,51.0,9.2,花蓮市區一般住商混合區
2016,花蓮縣,花蓮市,民生里,520.0,111.5,51.0,9.2,花蓮市區一般住商混合區
2016,花蓮縣,花蓮市,民立里,193.5,111.5,51.0,9.2,花蓮市區一般住商混合區
2016,花蓮縣,花蓮市,民運里,193.5,111.5,51.0,9.2,花蓮市區一般住商混合區
2017,花蓮縣,花蓮市,主信里,197.0,113.0,52.0,9.4,花蓮市區一般住商混合區
2017,花蓮縣,花蓮市,主力里,1075.0,142.0,130.0,10.6,夜間提前至 8 點打烊，大禹街服飾受電商打擊首現招租潮
2017,花蓮縣,花蓮市,主勤里,490.0,113.0,52.0,9.4,花蓮市區一般住商混合區
2017,花蓮縣,花蓮市,主和里,197.0,113.0,52.0,9.4,花蓮市區一般住商混合區
2017,花蓮縣,花蓮市,主商里,1075.0,142.0,130.0,10.6,夜間提前至 8 點打烊，大禹街服飾受電商打擊首現招租潮
2017,花蓮縣,花蓮市,主學里,490.0,113.0,52.0,9.4,花蓮市區一般住商混合區
2017,花蓮縣,花蓮市,主安里,490.0,113.0,52.0,9.4,花蓮市區一般住商混合區
2017,花蓮縣,花蓮市,主工里,1075.0,142.0,130.0,10.6,夜間提前至 8 點打烊，大禹街服飾受電商打擊首現招租潮
2017,花蓮縣,花蓮市,主權里,197.0,113.0,52.0,9.4,花蓮市區一般住商混合區
2017,花蓮縣,花蓮市,主睦里,197.0,113.0,52.0,9.4,花蓮市區一般住商混合區
2017,花蓮縣,花蓮市,主義里,197.0,113.0,52.0,9.4,花蓮市區一般住商混合區
2017,花蓮縣,花蓮市,主計里,490.0,113.0,52.0,9.4,花蓮市區一般住商混合區
2017,花蓮縣,花蓮市,主農里,197.0,113.0,52.0,9.4,花蓮市區一般住商混合區
2017,花蓮縣,花蓮市,國光里,197.0,113.0,52.0,9.4,花蓮市區一般住商混合區
2017,花蓮縣,花蓮市,國威里,1075.0,142.0,130.0,10.6,夜間提前至 8 點打烊，大禹街服飾受電商打擊首現招租潮
2017,花蓮縣,花蓮市,國安里,197.0,113.0,52.0,9.4,花蓮市區一般住商混合區
2017,花蓮縣,花蓮市,國富里,327.0,113.0,52.0,9.4,花蓮市區一般住商混合區
2017,花蓮縣,花蓮市,國強里,197.0,113.0,52.0,9.4,花蓮市區一般住商混合區
2017,花蓮縣,花蓮市,國慶里,197.0,113.0,52.0,9.4,花蓮市區一般住商混合區
2017,花蓮縣,花蓮市,國治里,197.0,113.0,52.0,9.4,花蓮市區一般住商混合區
2017,花蓮縣,花蓮市,國盛里,327.0,113.0,52.0,9.4,花蓮市區一般住商混合區
2017,花蓮縣,花蓮市,國福里,197.0,113.0,52.0,9.4,花蓮市區一般住商混合區
2017,花蓮縣,花蓮市,國聯里,327.0,113.0,52.0,9.4,花蓮市區一般住商混合區
2017,花蓮縣,花蓮市,國興里,197.0,113.0,52.0,9.4,花蓮市區一般住商混合區
2017,花蓮縣,花蓮市,國華里,197.0,113.0,52.0,9.4,花蓮市區一般住商混合區
2017,花蓮縣,花蓮市,國裕里,197.0,113.0,52.0,9.4,花蓮市區一般住商混合區
2017,花蓮縣,花蓮市,國防里,197.0,113.0,52.0,9.4,花蓮市區一般住商混合區
2017,花蓮縣,花蓮市,國風里,197.0,113.0,52.0,9.4,花蓮市區一般住商混合區
2017,花蓮縣,花蓮市,國魂里,197.0,113.0,52.0,9.4,花蓮市區一般住商混合區
2017,花蓮縣,花蓮市,民主里,580.0,113.0,52.0,9.4,花蓮市區一般住商混合區
2017,花蓮縣,花蓮市,民享里,197.0,113.0,52.0,9.4,花蓮市區一般住商混合區
2017,花蓮縣,花蓮市,民勤里,197.0,113.0,52.0,9.4,花蓮市區一般住商混合區
2017,花蓮縣,花蓮市,民孝里,197.0,113.0,52.0,9.4,花蓮市區一般住商混合區
2017,花蓮縣,花蓮市,民德里,197.0,113.0,52.0,9.4,花蓮市區一般住商混合區
2017,花蓮縣,花蓮市,民心里,197.0,113.0,52.0,9.4,花蓮市區一般住商混合區
2017,花蓮縣,花蓮市,民意里,197.0,113.0,52.0,9.4,花蓮市區一般住商混合區
2017,花蓮縣,花蓮市,民政里,197.0,113.0,52.0,9.4,花蓮市區一般住商混合區
2017,花蓮縣,花蓮市,民族里,970.0,210.0,195.0,4.0,全台夜市券冠軍，年湧入逾 400 萬人次，晚間人潮極度飽和
2017,花蓮縣,花蓮市,民有里,197.0,113.0,52.0,9.4,花蓮市區一般住商混合區
2017,花蓮縣,花蓮市,民樂里,197.0,113.0,52.0,9.4,花蓮市區一般住商混合區
2017,花蓮縣,花蓮市,民權里,197.0,113.0,52.0,9.4,花蓮市區一般住商混合區
2017,花蓮縣,花蓮市,民治里,197.0,113.0,52.0,9.4,花蓮市區一般住商混合區
2017,花蓮縣,花蓮市,民生里,580.0,113.0,52.0,9.4,花蓮市區一般住商混合區
2017,花蓮縣,花蓮市,民立里,197.0,113.0,52.0,9.4,花蓮市區一般住商混合區
2017,花蓮縣,花蓮市,民運里,197.0,113.0,52.0,9.4,花蓮市區一般住商混合區
2018,花蓮縣,花蓮市,主信里,200.5,114.5,53.0,9.6,花蓮市區一般住商混合區
2018,花蓮縣,花蓮市,主力里,1030.0,135.5,115.0,13.4,夜間提前至 8 點打烊，大禹街服飾受電商打擊首現招租潮
2018,花蓮縣,花蓮市,主勤里,470.0,114.5,53.0,9.6,花蓮市區一般住商混合區
2018,花蓮縣,花蓮市,主和里,200.5,114.5,53.0,9.6,花蓮市區一般住商混合區
2018,花蓮縣,花蓮市,主商里,1030.0,135.5,115.0,13.4,夜間提前至 8 點打烊，大禹街服飾受電商打擊首現招租潮
2018,花蓮縣,花蓮市,主學里,470.0,114.5,53.0,9.6,花蓮市區一般住商混合區
2018,花蓮縣,花蓮市,主安里,470.0,114.5,53.0,9.6,花蓮市區一般住商混合區
2018,花蓮縣,花蓮市,主工里,1030.0,135.5,115.0,13.4,夜間提前至 8 點打烊，大禹街服飾受電商打擊首現招租潮
2018,花蓮縣,花蓮市,主權里,200.5,114.5,53.0,9.6,花蓮市區一般住商混合區
2018,花蓮縣,花蓮市,主睦里,200.5,114.5,53.0,9.6,花蓮市區一般住商混合區
2018,花蓮縣,花蓮市,主義里,200.5,114.5,53.0,9.6,花蓮市區一般住商混合區
2018,花蓮縣,花蓮市,主計里,470.0,114.5,53.0,9.6,花蓮市區一般住商混合區
2018,花蓮縣,花蓮市,主農里,200.5,114.5,53.0,9.6,花蓮市區一般住商混合區
2018,花蓮縣,花蓮市,國光里,200.5,114.5,53.0,9.6,花蓮市區一般住商混合區
2018,花蓮縣,花蓮市,國威里,1030.0,135.5,115.0,13.4,夜間提前至 8 點打烊，大禹街服飾受電商打擊首現招租潮
2018,花蓮縣,花蓮市,國安里,200.5,114.5,53.0,9.6,花蓮市區一般住商混合區
2018,花蓮縣,花蓮市,國富里,330.5,114.5,53.0,9.6,花蓮市區一般住商混合區
2018,花蓮縣,花蓮市,國強里,200.5,114.5,53.0,9.6,花蓮市區一般住商混合區
2018,花蓮縣,花蓮市,國慶里,200.5,114.5,53.0,9.6,花蓮市區一般住商混合區
2018,花蓮縣,花蓮市,國治里,200.5,114.5,53.0,9.6,花蓮市區一般住商混合區
2018,花蓮縣,花蓮市,國盛里,330.5,114.5,53.0,9.6,花蓮市區一般住商混合區
2018,花蓮縣,花蓮市,國福里,200.5,114.5,53.0,9.6,花蓮市區一般住商混合區
2018,花蓮縣,花蓮市,國聯里,330.5,114.5,53.0,9.6,花蓮市區一般住商混合區
2018,花蓮縣,花蓮市,國興里,200.5,114.5,53.0,9.6,花蓮市區一般住商混合區
2018,花蓮縣,花蓮市,國華里,200.5,114.5,53.0,9.6,花蓮市區一般住商混合區
2018,花蓮縣,花蓮市,國裕里,200.5,114.5,53.0,9.6,花蓮市區一般住商混合區
2018,花蓮縣,花蓮市,國防里,200.5,114.5,53.0,9.6,花蓮市區一般住商混合區
2018,花蓮縣,花蓮市,國風里,200.5,114.5,53.0,9.6,花蓮市區一般住商混合區
2018,花蓮縣,花蓮市,國魂里,200.5,114.5,53.0,9.6,花蓮市區一般住商混合區
2018,花蓮縣,花蓮市,民主里,640.0,114.5,53.0,9.6,花蓮市區一般住商混合區
2018,花蓮縣,花蓮市,民享里,200.5,114.5,53.0,9.6,花蓮市區一般住商混合區
2018,花蓮縣,花蓮市,民勤里,200.5,114.5,53.0,9.6,花蓮市區一般住商混合區
2018,花蓮縣,花蓮市,民孝里,200.5,114.5,53.0,9.6,花蓮市區一般住商混合區
2018,花蓮縣,花蓮市,民德里,200.5,114.5,53.0,9.6,花蓮市區一般住商混合區
2018,花蓮縣,花蓮市,民心里,200.5,114.5,53.0,9.6,花蓮市區一般住商混合區
2018,花蓮縣,花蓮市,民意里,200.5,114.5,53.0,9.6,花蓮市區一般住商混合區
2018,花蓮縣,花蓮市,民政里,200.5,114.5,53.0,9.6,花蓮市區一般住商混合區
2018,花蓮縣,花蓮市,民族里,1090.0,225.0,220.0,4.0,全台夜市券冠軍，年湧入逾 400 萬人次，晚間人潮極度飽和
2018,花蓮縣,花蓮市,民有里,200.5,114.5,53.0,9.6,花蓮市區一般住商混合區
2018,花蓮縣,花蓮市,民樂里,200.5,114.5,53.0,9.6,花蓮市區一般住商混合區
2018,花蓮縣,花蓮市,民權里,200.5,114.5,53.0,9.6,花蓮市區一般住商混合區
2018,花蓮縣,花蓮市,民治里,200.5,114.5,53.0,9.6,花蓮市區一般住商混合區
2018,花蓮縣,花蓮市,民生里,640.0,114.5,53.0,9.6,花蓮市區一般住商混合區
2018,花蓮縣,花蓮市,民立里,200.5,114.5,53.0,9.6,花蓮市區一般住商混合區
2018,花蓮縣,花蓮市,民運里,200.5,114.5,53.0,9.6,花蓮市區一般住商混合區
2019,花蓮縣,花蓮市,主信里,204.0,116.0,54.0,9.8,花蓮市區一般住商混合區
2019,花蓮縣,花蓮市,主力里,985.0,129.0,100.0,16.0,夜間提前至 8 點打烊，大禹街服飾受電商打擊首現招租潮
2019,花蓮縣,花蓮市,主勤里,450.0,116.0,54.0,9.8,花蓮市區一般住商混合區
2019,花蓮縣,花蓮市,主和里,204.0,116.0,54.0,9.8,花蓮市區一般住商混合區
2019,花蓮縣,花蓮市,主商里,985.0,129.0,100.0,16.0,夜間提前至 8 點打烊，大禹街服飾受電商打擊首現招租潮
2019,花蓮縣,花蓮市,主學里,450.0,116.0,54.0,9.8,花蓮市區一般住商混合區
2019,花蓮縣,花蓮市,主安里,450.0,116.0,54.0,9.8,花蓮市區一般住商混合區
2019,花蓮縣,花蓮市,主工里,985.0,129.0,100.0,16.0,夜間提前至 8 點打烊，大禹街服飾受電商打擊首現招租潮
2019,花蓮縣,花蓮市,主權里,204.0,116.0,54.0,9.8,花蓮市區一般住商混合區
2019,花蓮縣,花蓮市,主睦里,204.0,116.0,54.0,9.8,花蓮市區一般住商混合區
2019,花蓮縣,花蓮市,主義里,204.0,116.0,54.0,9.8,花蓮市區一般住商混合區
2019,花蓮縣,花蓮市,主計里,450.0,116.0,54.0,9.8,花蓮市區一般住商混合區
2019,花蓮縣,花蓮市,主農里,204.0,116.0,54.0,9.8,花蓮市區一般住商混合區
2019,花蓮縣,花蓮市,國光里,204.0,116.0,54.0,9.8,花蓮市區一般住商混合區
2019,花蓮縣,花蓮市,國威里,985.0,129.0,100.0,16.0,夜間提前至 8 點打烊，大禹街服飾受電商打擊首現招租潮
2019,花蓮縣,花蓮市,國安里,204.0,116.0,54.0,9.8,花蓮市區一般住商混合區
2019,花蓮縣,花蓮市,國富里,334.0,116.0,54.0,9.8,花蓮市區一般住商混合區
2019,花蓮縣,花蓮市,國強里,204.0,116.0,54.0,9.8,花蓮市區一般住商混合區
2019,花蓮縣,花蓮市,國慶里,204.0,116.0,54.0,9.8,花蓮市區一般住商混合區
2019,花蓮縣,花蓮市,國治里,204.0,116.0,54.0,9.8,花蓮市區一般住商混合區
2019,花蓮縣,花蓮市,國盛里,334.0,116.0,54.0,9.8,花蓮市區一般住商混合區
2019,花蓮縣,花蓮市,國福里,204.0,116.0,54.0,9.8,花蓮市區一般住商混合區
2019,花蓮縣,花蓮市,國聯里,334.0,116.0,54.0,9.8,花蓮市區一般住商混合區
2019,花蓮縣,花蓮市,國興里,204.0,116.0,54.0,9.8,花蓮市區一般住商混合區
2019,花蓮縣,花蓮市,國華里,204.0,116.0,54.0,9.8,花蓮市區一般住商混合區
2019,花蓮縣,花蓮市,國裕里,204.0,116.0,54.0,9.8,花蓮市區一般住商混合區
2019,花蓮縣,花蓮市,國防里,204.0,116.0,54.0,9.8,花蓮市區一般住商混合區
2019,花蓮縣,花蓮市,國風里,204.0,116.0,54.0,9.8,花蓮市區一般住商混合區
2019,花蓮縣,花蓮市,國魂里,204.0,116.0,54.0,9.8,花蓮市區一般住商混合區
2019,花蓮縣,花蓮市,民主里,700.0,116.0,54.0,9.8,花蓮市區一般住商混合區
2019,花蓮縣,花蓮市,民享里,204.0,116.0,54.0,9.8,花蓮市區一般住商混合區
2019,花蓮縣,花蓮市,民勤里,204.0,116.0,54.0,9.8,花蓮市區一般住商混合區
2019,花蓮縣,花蓮市,民孝里,204.0,116.0,54.0,9.8,花蓮市區一般住商混合區
2019,花蓮縣,花蓮市,民德里,204.0,116.0,54.0,9.8,花蓮市區一般住商混合區
2019,花蓮縣,花蓮市,民心里,204.0,116.0,54.0,9.8,花蓮市區一般住商混合區
2019,花蓮縣,花蓮市,民意里,204.0,116.0,54.0,9.8,花蓮市區一般住商混合區
2019,花蓮縣,花蓮市,民政里,204.0,116.0,54.0,9.8,花蓮市區一般住商混合區
2019,花蓮縣,花蓮市,民族里,1210.0,240.0,245.0,4.0,全台夜市券冠軍，年湧入逾 400 萬人次，晚間人潮極度飽和
2019,花蓮縣,花蓮市,民有里,204.0,116.0,54.0,9.8,花蓮市區一般住商混合區
2019,花蓮縣,花蓮市,民樂里,204.0,116.0,54.0,9.8,花蓮市區一般住商混合區
2019,花蓮縣,花蓮市,民權里,204.0,116.0,54.0,9.8,花蓮市區一般住商混合區
2019,花蓮縣,花蓮市,民治里,204.0,116.0,54.0,9.8,花蓮市區一般住商混合區
2019,花蓮縣,花蓮市,民生里,700.0,116.0,54.0,9.8,花蓮市區一般住商混合區
2019,花蓮縣,花蓮市,民立里,204.0,116.0,54.0,9.8,花蓮市區一般住商混合區
2019,花蓮縣,花蓮市,民運里,204.0,116.0,54.0,9.8,花蓮市區一般住商混合區
2020,花蓮縣,花蓮市,主信里,207.5,117.5,55.0,10.0,花蓮市區一般住商混合區
2020,花蓮縣,花蓮市,主力里,780.0,105.0,65.0,19.5,老牌名店相繼熄燈/遷址，一樓店面陸續轉為夾娃娃機與特賣會
2020,花蓮縣,花蓮市,主勤里,360.0,117.5,55.0,10.0,花蓮市區一般住商混合區
2020,花蓮縣,花蓮市,主和里,207.5,117.5,55.0,10.0,花蓮市區一般住商混合區
2020,花蓮縣,花蓮市,主商里,780.0,105.0,65.0,19.5,老牌名店相繼熄燈/遷址，一樓店面陸續轉為夾娃娃機與特賣會
2020,花蓮縣,花蓮市,主學里,360.0,117.5,55.0,10.0,花蓮市區一般住商混合區
2020,花蓮縣,花蓮市,主安里,360.0,117.5,55.0,10.0,花蓮市區一般住商混合區
2020,花蓮縣,花蓮市,主工里,780.0,105.0,65.0,19.5,老牌名店相繼熄燈/遷址，一樓店面陸續轉為夾娃娃機與特賣會
2020,花蓮縣,花蓮市,主權里,207.5,117.5,55.0,10.0,花蓮市區一般住商混合區
2020,花蓮縣,花蓮市,主睦里,207.5,117.5,55.0,10.0,花蓮市區一般住商混合區
2020,花蓮縣,花蓮市,主義里,207.5,117.5,55.0,10.0,花蓮市區一般住商混合區
2020,花蓮縣,花蓮市,主計里,360.0,117.5,55.0,10.0,花蓮市區一般住商混合區
2020,花蓮縣,花蓮市,主農里,207.5,117.5,55.0,10.0,花蓮市區一般住商混合區
2020,花蓮縣,花蓮市,國光里,207.5,117.5,55.0,10.0,花蓮市區一般住商混合區
2020,花蓮縣,花蓮市,國威里,780.0,105.0,65.0,19.5,老牌名店相繼熄燈/遷址，一樓店面陸續轉為夾娃娃機與特賣會
2020,花蓮縣,花蓮市,國安里,207.5,117.5,55.0,10.0,花蓮市區一般住商混合區
2020,花蓮縣,花蓮市,國富里,337.5,117.5,55.0,10.0,花蓮市區一般住商混合區
2020,花蓮縣,花蓮市,國強里,207.5,117.5,55.0,10.0,花蓮市區一般住商混合區
2020,花蓮縣,花蓮市,國慶里,207.5,117.5,55.0,10.0,花蓮市區一般住商混合區
2020,花蓮縣,花蓮市,國治里,207.5,117.5,55.0,10.0,花蓮市區一般住商混合區
2020,花蓮縣,花蓮市,國盛里,337.5,117.5,55.0,10.0,花蓮市區一般住商混合區
2020,花蓮縣,花蓮市,國福里,207.5,117.5,55.0,10.0,花蓮市區一般住商混合區
2020,花蓮縣,花蓮市,國聯里,337.5,117.5,55.0,10.0,花蓮市區一般住商混合區
2020,花蓮縣,花蓮市,國興里,207.5,117.5,55.0,10.0,花蓮市區一般住商混合區
2020,花蓮縣,花蓮市,國華里,207.5,117.5,55.0,10.0,花蓮市區一般住商混合區
2020,花蓮縣,花蓮市,國裕里,207.5,117.5,55.0,10.0,花蓮市區一般住商混合區
2020,花蓮縣,花蓮市,國防里,207.5,117.5,55.0,10.0,花蓮市區一般住商混合區
2020,花蓮縣,花蓮市,國風里,207.5,117.5,55.0,10.0,花蓮市區一般住商混合區
2020,花蓮縣,花蓮市,國魂里,207.5,117.5,55.0,10.0,花蓮市區一般住商混合區
2020,花蓮縣,花蓮市,民主里,580.0,117.5,55.0,10.0,花蓮市區一般住商混合區
2020,花蓮縣,花蓮市,民享里,207.5,117.5,55.0,10.0,花蓮市區一般住商混合區
2020,花蓮縣,花蓮市,民勤里,207.5,117.5,55.0,10.0,花蓮市區一般住商混合區
2020,花蓮縣,花蓮市,民孝里,207.5,117.5,55.0,10.0,花蓮市區一般住商混合區
2020,花蓮縣,花蓮市,民德里,207.5,117.5,55.0,10.0,花蓮市區一般住商混合區
2020,花蓮縣,花蓮市,民心里,207.5,117.5,55.0,10.0,花蓮市區一般住商混合區
2020,花蓮縣,花蓮市,民意里,207.5,117.5,55.0,10.0,花蓮市區一般住商混合區
2020,花蓮縣,花蓮市,民政里,207.5,117.5,55.0,10.0,花蓮市區一般住商混合區
2020,花蓮縣,花蓮市,民族里,920.0,180.0,160.0,4.0,持續主導花蓮夜經濟，五星市集與電子支付普及
2020,花蓮縣,花蓮市,民有里,207.5,117.5,55.0,10.0,花蓮市區一般住商混合區
2020,花蓮縣,花蓮市,民樂里,207.5,117.5,55.0,10.0,花蓮市區一般住商混合區
2020,花蓮縣,花蓮市,民權里,207.5,117.5,55.0,10.0,花蓮市區一般住商混合區
2020,花蓮縣,花蓮市,民治里,207.5,117.5,55.0,10.0,花蓮市區一般住商混合區
2020,花蓮縣,花蓮市,民生里,580.0,117.5,55.0,10.0,花蓮市區一般住商混合區
2020,花蓮縣,花蓮市,民立里,207.5,117.5,55.0,10.0,花蓮市區一般住商混合區
2020,花蓮縣,花蓮市,民運里,207.5,117.5,55.0,10.0,花蓮市區一般住商混合區
2021,花蓮縣,花蓮市,主信里,211.0,119.0,56.0,10.2,花蓮市區一般住商混合區
2021,花蓮縣,花蓮市,主力里,780.0,105.0,65.0,23.0,老牌名店相繼熄燈/遷址，一樓店面陸續轉為夾娃娃機與特賣會
2021,花蓮縣,花蓮市,主勤里,360.0,119.0,56.0,10.2,花蓮市區一般住商混合區
2021,花蓮縣,花蓮市,主和里,211.0,119.0,56.0,10.2,花蓮市區一般住商混合區
2021,花蓮縣,花蓮市,主商里,780.0,105.0,65.0,23.0,老牌名店相繼熄燈/遷址，一樓店面陸續轉為夾娃娃機與特賣會
2021,花蓮縣,花蓮市,主學里,360.0,119.0,56.0,10.2,花蓮市區一般住商混合區
2021,花蓮縣,花蓮市,主安里,360.0,119.0,56.0,10.2,花蓮市區一般住商混合區
2021,花蓮縣,花蓮市,主工里,780.0,105.0,65.0,23.0,老牌名店相繼熄燈/遷址，一樓店面陸續轉為夾娃娃機與特賣會
2021,花蓮縣,花蓮市,主權里,211.0,119.0,56.0,10.2,花蓮市區一般住商混合區
2021,花蓮縣,花蓮市,主睦里,211.0,119.0,56.0,10.2,花蓮市區一般住商混合區
2021,花蓮縣,花蓮市,主義里,211.0,119.0,56.0,10.2,花蓮市區一般住商混合區
2021,花蓮縣,花蓮市,主計里,360.0,119.0,56.0,10.2,花蓮市區一般住商混合區
2021,花蓮縣,花蓮市,主農里,211.0,119.0,56.0,10.2,花蓮市區一般住商混合區
2021,花蓮縣,花蓮市,國光里,211.0,119.0,56.0,10.2,花蓮市區一般住商混合區
2021,花蓮縣,花蓮市,國威里,780.0,105.0,65.0,23.0,老牌名店相繼熄燈/遷址，一樓店面陸續轉為夾娃娃機與特賣會
2021,花蓮縣,花蓮市,國安里,211.0,119.0,56.0,10.2,花蓮市區一般住商混合區
2021,花蓮縣,花蓮市,國富里,341.0,119.0,56.0,10.2,花蓮市區一般住商混合區
2021,花蓮縣,花蓮市,國強里,211.0,119.0,56.0,10.2,花蓮市區一般住商混合區
2021,花蓮縣,花蓮市,國慶里,211.0,119.0,56.0,10.2,花蓮市區一般住商混合區
2021,花蓮縣,花蓮市,國治里,211.0,119.0,56.0,10.2,花蓮市區一般住商混合區
2021,花蓮縣,花蓮市,國盛里,341.0,119.0,56.0,10.2,花蓮市區一般住商混合區
2021,花蓮縣,花蓮市,國福里,211.0,119.0,56.0,10.2,花蓮市區一般住商混合區
2021,花蓮縣,花蓮市,國聯里,341.0,119.0,56.0,10.2,花蓮市區一般住商混合區
2021,花蓮縣,花蓮市,國興里,211.0,119.0,56.0,10.2,花蓮市區一般住商混合區
2021,花蓮縣,花蓮市,國華里,211.0,119.0,56.0,10.2,花蓮市區一般住商混合區
2021,花蓮縣,花蓮市,國裕里,211.0,119.0,56.0,10.2,花蓮市區一般住商混合區
2021,花蓮縣,花蓮市,國防里,211.0,119.0,56.0,10.2,花蓮市區一般住商混合區
2021,花蓮縣,花蓮市,國風里,211.0,119.0,56.0,10.2,花蓮市區一般住商混合區
2021,花蓮縣,花蓮市,國魂里,211.0,119.0,56.0,10.2,花蓮市區一般住商混合區
2021,花蓮縣,花蓮市,民主里,580.0,119.0,56.0,10.2,花蓮市區一般住商混合區
2021,花蓮縣,花蓮市,民享里,211.0,119.0,56.0,10.2,花蓮市區一般住商混合區
2021,花蓮縣,花蓮市,民勤里,211.0,119.0,56.0,10.2,花蓮市區一般住商混合區
2021,花蓮縣,花蓮市,民孝里,211.0,119.0,56.0,10.2,花蓮市區一般住商混合區
2021,花蓮縣,花蓮市,民德里,211.0,119.0,56.0,10.2,花蓮市區一般住商混合區
2021,花蓮縣,花蓮市,民心里,211.0,119.0,56.0,10.2,花蓮市區一般住商混合區
2021,花蓮縣,花蓮市,民意里,211.0,119.0,56.0,10.2,花蓮市區一般住商混合區
2021,花蓮縣,花蓮市,民政里,211.0,119.0,56.0,10.2,花蓮市區一般住商混合區
2021,花蓮縣,花蓮市,民族里,920.0,180.0,160.0,4.0,持續主導花蓮夜經濟，五星市集與電子支付普及
2021,花蓮縣,花蓮市,民有里,211.0,119.0,56.0,10.2,花蓮市區一般住商混合區
2021,花蓮縣,花蓮市,民樂里,211.0,119.0,56.0,10.2,花蓮市區一般住商混合區
2021,花蓮縣,花蓮市,民權里,211.0,119.0,56.0,10.2,花蓮市區一般住商混合區
2021,花蓮縣,花蓮市,民治里,211.0,119.0,56.0,10.2,花蓮市區一般住商混合區
2021,花蓮縣,花蓮市,民生里,580.0,119.0,56.0,10.2,花蓮市區一般住商混合區
2021,花蓮縣,花蓮市,民立里,211.0,119.0,56.0,10.2,花蓮市區一般住商混合區
2021,花蓮縣,花蓮市,民運里,211.0,119.0,56.0,10.2,花蓮市區一般住商混合區
2022,花蓮縣,花蓮市,主信里,214.5,120.5,57.0,10.4,花蓮市區一般住商混合區
2022,花蓮縣,花蓮市,主力里,860.0,118.0,85.0,21.0,老牌名店相繼熄燈/遷址，一樓店面陸續轉為夾娃娃機與特賣會
2022,花蓮縣,花蓮市,主勤里,410.0,120.5,57.0,10.4,花蓮市區一般住商混合區
2022,花蓮縣,花蓮市,主和里,214.5,120.5,57.0,10.4,花蓮市區一般住商混合區
2022,花蓮縣,花蓮市,主商里,860.0,118.0,85.0,21.0,老牌名店相繼熄燈/遷址，一樓店面陸續轉為夾娃娃機與特賣會
2022,花蓮縣,花蓮市,主學里,410.0,120.5,57.0,10.4,花蓮市區一般住商混合區
2022,花蓮縣,花蓮市,主安里,410.0,120.5,57.0,10.4,花蓮市區一般住商混合區
2022,花蓮縣,花蓮市,主工里,860.0,118.0,85.0,21.0,老牌名店相繼熄燈/遷址，一樓店面陸續轉為夾娃娃機與特賣會
2022,花蓮縣,花蓮市,主權里,214.5,120.5,57.0,10.4,花蓮市區一般住商混合區
2022,花蓮縣,花蓮市,主睦里,214.5,120.5,57.0,10.4,花蓮市區一般住商混合區
2022,花蓮縣,花蓮市,主義里,214.5,120.5,57.0,10.4,花蓮市區一般住商混合區
2022,花蓮縣,花蓮市,主計里,410.0,120.5,57.0,10.4,花蓮市區一般住商混合區
2022,花蓮縣,花蓮市,主農里,214.5,120.5,57.0,10.4,花蓮市區一般住商混合區
2022,花蓮縣,花蓮市,國光里,214.5,120.5,57.0,10.4,花蓮市區一般住商混合區
2022,花蓮縣,花蓮市,國威里,860.0,118.0,85.0,21.0,老牌名店相繼熄燈/遷址，一樓店面陸續轉為夾娃娃機與特賣會
2022,花蓮縣,花蓮市,國安里,214.5,120.5,57.0,10.4,花蓮市區一般住商混合區
2022,花蓮縣,花蓮市,國富里,344.5,120.5,57.0,10.4,花蓮市區一般住商混合區
2022,花蓮縣,花蓮市,國強里,214.5,120.5,57.0,10.4,花蓮市區一般住商混合區
2022,花蓮縣,花蓮市,國慶里,214.5,120.5,57.0,10.4,花蓮市區一般住商混合區
2022,花蓮縣,花蓮市,國治里,214.5,120.5,57.0,10.4,花蓮市區一般住商混合區
2022,花蓮縣,花蓮市,國盛里,344.5,120.5,57.0,10.4,花蓮市區一般住商混合區
2022,花蓮縣,花蓮市,國福里,214.5,120.5,57.0,10.4,花蓮市區一般住商混合區
2022,花蓮縣,花蓮市,國聯里,344.5,120.5,57.0,10.4,花蓮市區一般住商混合區
2022,花蓮縣,花蓮市,國興里,214.5,120.5,57.0,10.4,花蓮市區一般住商混合區
2022,花蓮縣,花蓮市,國華里,214.5,120.5,57.0,10.4,花蓮市區一般住商混合區
2022,花蓮縣,花蓮市,國裕里,214.5,120.5,57.0,10.4,花蓮市區一般住商混合區
2022,花蓮縣,花蓮市,國防里,214.5,120.5,57.0,10.4,花蓮市區一般住商混合區
2022,花蓮縣,花蓮市,國風里,214.5,120.5,57.0,10.4,花蓮市區一般住商混合區
2022,花蓮縣,花蓮市,國魂里,214.5,120.5,57.0,10.4,花蓮市區一般住商混合區
2022,花蓮縣,花蓮市,民主里,780.0,120.5,57.0,10.4,花蓮市區一般住商混合區
2022,花蓮縣,花蓮市,民享里,214.5,120.5,57.0,10.4,花蓮市區一般住商混合區
2022,花蓮縣,花蓮市,民勤里,214.5,120.5,57.0,10.4,花蓮市區一般住商混合區
2022,花蓮縣,花蓮市,民孝里,214.5,120.5,57.0,10.4,花蓮市區一般住商混合區
2022,花蓮縣,花蓮市,民德里,214.5,120.5,57.0,10.4,花蓮市區一般住商混合區
2022,花蓮縣,花蓮市,民心里,214.5,120.5,57.0,10.4,花蓮市區一般住商混合區
2022,花蓮縣,花蓮市,民意里,214.5,120.5,57.0,10.4,花蓮市區一般住商混合區
2022,花蓮縣,花蓮市,民政里,214.5,120.5,57.0,10.4,花蓮市區一般住商混合區
2022,花蓮縣,花蓮市,民族里,1350.0,270.0,260.0,4.0,持續主導花蓮夜經濟，五星市集與電子支付普及
2022,花蓮縣,花蓮市,民有里,214.5,120.5,57.0,10.4,花蓮市區一般住商混合區
2022,花蓮縣,花蓮市,民樂里,214.5,120.5,57.0,10.4,花蓮市區一般住商混合區
2022,花蓮縣,花蓮市,民權里,214.5,120.5,57.0,10.4,花蓮市區一般住商混合區
2022,花蓮縣,花蓮市,民治里,214.5,120.5,57.0,10.4,花蓮市區一般住商混合區
2022,花蓮縣,花蓮市,民生里,780.0,120.5,57.0,10.4,花蓮市區一般住商混合區
2022,花蓮縣,花蓮市,民立里,214.5,120.5,57.0,10.4,花蓮市區一般住商混合區
2022,花蓮縣,花蓮市,民運里,214.5,120.5,57.0,10.4,花蓮市區一般住商混合區
2023,花蓮縣,花蓮市,主信里,218.0,122.0,58.0,10.6,花蓮市區一般住商混合區
2023,花蓮縣,花蓮市,主力里,860.0,118.0,85.0,21.0,老牌名店相繼熄燈/遷址，一樓店面陸續轉為夾娃娃機與特賣會
2023,花蓮縣,花蓮市,主勤里,410.0,122.0,58.0,10.6,花蓮市區一般住商混合區
2023,花蓮縣,花蓮市,主和里,218.0,122.0,58.0,10.6,花蓮市區一般住商混合區
2023,花蓮縣,花蓮市,主商里,860.0,118.0,85.0,21.0,老牌名店相繼熄燈/遷址，一樓店面陸續轉為夾娃娃機與特賣會
2023,花蓮縣,花蓮市,主學里,410.0,122.0,58.0,10.6,花蓮市區一般住商混合區
2023,花蓮縣,花蓮市,主安里,410.0,122.0,58.0,10.6,花蓮市區一般住商混合區
2023,花蓮縣,花蓮市,主工里,860.0,118.0,85.0,21.0,老牌名店相繼熄燈/遷址，一樓店面陸續轉為夾娃娃機與特賣會
2023,花蓮縣,花蓮市,主權里,218.0,122.0,58.0,10.6,花蓮市區一般住商混合區
2023,花蓮縣,花蓮市,主睦里,218.0,122.0,58.0,10.6,花蓮市區一般住商混合區
2023,花蓮縣,花蓮市,主義里,218.0,122.0,58.0,10.6,花蓮市區一般住商混合區
2023,花蓮縣,花蓮市,主計里,410.0,122.0,58.0,10.6,花蓮市區一般住商混合區
2023,花蓮縣,花蓮市,主農里,218.0,122.0,58.0,10.6,花蓮市區一般住商混合區
2023,花蓮縣,花蓮市,國光里,218.0,122.0,58.0,10.6,花蓮市區一般住商混合區
2023,花蓮縣,花蓮市,國威里,860.0,118.0,85.0,21.0,老牌名店相繼熄燈/遷址，一樓店面陸續轉為夾娃娃機與特賣會
2023,花蓮縣,花蓮市,國安里,218.0,122.0,58.0,10.6,花蓮市區一般住商混合區
2023,花蓮縣,花蓮市,國富里,348.0,122.0,58.0,10.6,花蓮市區一般住商混合區
2023,花蓮縣,花蓮市,國強里,218.0,122.0,58.0,10.6,花蓮市區一般住商混合區
2023,花蓮縣,花蓮市,國慶里,218.0,122.0,58.0,10.6,花蓮市區一般住商混合區
2023,花蓮縣,花蓮市,國治里,218.0,122.0,58.0,10.6,花蓮市區一般住商混合區
2023,花蓮縣,花蓮市,國盛里,348.0,122.0,58.0,10.6,花蓮市區一般住商混合區
2023,花蓮縣,花蓮市,國福里,218.0,122.0,58.0,10.6,花蓮市區一般住商混合區
2023,花蓮縣,花蓮市,國聯里,348.0,122.0,58.0,10.6,花蓮市區一般住商混合區
2023,花蓮縣,花蓮市,國興里,218.0,122.0,58.0,10.6,花蓮市區一般住商混合區
2023,花蓮縣,花蓮市,國華里,218.0,122.0,58.0,10.6,花蓮市區一般住商混合區
2023,花蓮縣,花蓮市,國裕里,218.0,122.0,58.0,10.6,花蓮市區一般住商混合區
2023,花蓮縣,花蓮市,國防里,218.0,122.0,58.0,10.6,花蓮市區一般住商混合區
2023,花蓮縣,花蓮市,國風里,218.0,122.0,58.0,10.6,花蓮市區一般住商混合區
2023,花蓮縣,花蓮市,國魂里,218.0,122.0,58.0,10.6,花蓮市區一般住商混合區
2023,花蓮縣,花蓮市,民主里,830.0,122.0,58.0,10.6,花蓮市區一般住商混合區
2023,花蓮縣,花蓮市,民享里,218.0,122.0,58.0,10.6,花蓮市區一般住商混合區
2023,花蓮縣,花蓮市,民勤里,218.0,122.0,58.0,10.6,花蓮市區一般住商混合區
2023,花蓮縣,花蓮市,民孝里,218.0,122.0,58.0,10.6,花蓮市區一般住商混合區
2023,花蓮縣,花蓮市,民德里,218.0,122.0,58.0,10.6,花蓮市區一般住商混合區
2023,花蓮縣,花蓮市,民心里,218.0,122.0,58.0,10.6,花蓮市區一般住商混合區
2023,花蓮縣,花蓮市,民意里,218.0,122.0,58.0,10.6,花蓮市區一般住商混合區
2023,花蓮縣,花蓮市,民政里,218.0,122.0,58.0,10.6,花蓮市區一般住商混合區
2023,花蓮縣,花蓮市,民族里,1500.0,270.0,260.0,4.0,持續主導花蓮夜經濟，五星市集與電子支付普及
2023,花蓮縣,花蓮市,民有里,218.0,122.0,58.0,10.6,花蓮市區一般住商混合區
2023,花蓮縣,花蓮市,民樂里,218.0,122.0,58.0,10.6,花蓮市區一般住商混合區
2023,花蓮縣,花蓮市,民權里,218.0,122.0,58.0,10.6,花蓮市區一般住商混合區
2023,花蓮縣,花蓮市,民治里,218.0,122.0,58.0,10.6,花蓮市區一般住商混合區
2023,花蓮縣,花蓮市,民生里,830.0,122.0,58.0,10.6,花蓮市區一般住商混合區
2023,花蓮縣,花蓮市,民立里,218.0,122.0,58.0,10.6,花蓮市區一般住商混合區
2023,花蓮縣,花蓮市,民運里,218.0,122.0,58.0,10.6,花蓮市區一般住商混合區
2024,花蓮縣,花蓮市,主信里,221.5,123.5,59.0,10.8,花蓮市區一般住商混合區
2024,花蓮縣,花蓮市,主力里,580.0,82.0,42.0,32.5,0403震災天王星拆除，市區封路，店面空置率破 30% 歷史高峰
2024,花蓮縣,花蓮市,主勤里,290.0,123.5,59.0,10.8,花蓮市區一般住商混合區
2024,花蓮縣,花蓮市,主和里,221.5,123.5,59.0,10.8,花蓮市區一般住商混合區
2024,花蓮縣,花蓮市,主商里,580.0,82.0,42.0,32.5,0403震災天王星拆除，市區封路，店面空置率破 30% 歷史高峰
2024,花蓮縣,花蓮市,主學里,290.0,123.5,59.0,10.8,花蓮市區一般住商混合區
2024,花蓮縣,花蓮市,主安里,290.0,123.5,59.0,10.8,花蓮市區一般住商混合區
2024,花蓮縣,花蓮市,主工里,580.0,82.0,42.0,32.5,0403震災天王星拆除，市區封路，店面空置率破 30% 歷史高峰
2024,花蓮縣,花蓮市,主權里,221.5,123.5,59.0,10.8,花蓮市區一般住商混合區
2024,花蓮縣,花蓮市,主睦里,221.5,123.5,59.0,10.8,花蓮市區一般住商混合區
2024,花蓮縣,花蓮市,主義里,221.5,123.5,59.0,10.8,花蓮市區一般住商混合區
2024,花蓮縣,花蓮市,主計里,290.0,123.5,59.0,10.8,花蓮市區一般住商混合區
2024,花蓮縣,花蓮市,主農里,221.5,123.5,59.0,10.8,花蓮市區一般住商混合區
2024,花蓮縣,花蓮市,國光里,221.5,123.5,59.0,10.8,花蓮市區一般住商混合區
2024,花蓮縣,花蓮市,國威里,580.0,82.0,42.0,32.5,0403震災天王星拆除，市區封路，店面空置率破 30% 歷史高峰
2024,花蓮縣,花蓮市,國安里,221.5,123.5,59.0,10.8,花蓮市區一般住商混合區
2024,花蓮縣,花蓮市,國富里,351.5,123.5,59.0,10.8,花蓮市區一般住商混合區
2024,花蓮縣,花蓮市,國強里,221.5,123.5,59.0,10.8,花蓮市區一般住商混合區
2024,花蓮縣,花蓮市,國慶里,221.5,123.5,59.0,10.8,花蓮市區一般住商混合區
2024,花蓮縣,花蓮市,國治里,221.5,123.5,59.0,10.8,花蓮市區一般住商混合區
2024,花蓮縣,花蓮市,國盛里,351.5,123.5,59.0,10.8,花蓮市區一般住商混合區
2024,花蓮縣,花蓮市,國福里,221.5,123.5,59.0,10.8,花蓮市區一般住商混合區
2024,花蓮縣,花蓮市,國聯里,351.5,123.5,59.0,10.8,花蓮市區一般住商混合區
2024,花蓮縣,花蓮市,國興里,221.5,123.5,59.0,10.8,花蓮市區一般住商混合區
2024,花蓮縣,花蓮市,國華里,221.5,123.5,59.0,10.8,花蓮市區一般住商混合區
2024,花蓮縣,花蓮市,國裕里,221.5,123.5,59.0,10.8,花蓮市區一般住商混合區
2024,花蓮縣,花蓮市,國防里,221.5,123.5,59.0,10.8,花蓮市區一般住商混合區
2024,花蓮縣,花蓮市,國風里,221.5,123.5,59.0,10.8,花蓮市區一般住商混合區
2024,花蓮縣,花蓮市,國魂里,221.5,123.5,59.0,10.8,花蓮市區一般住商混合區
2024,花蓮縣,花蓮市,民主里,520.0,123.5,59.0,10.8,花蓮市區一般住商混合區
2024,花蓮縣,花蓮市,民享里,221.5,123.5,59.0,10.8,花蓮市區一般住商混合區
2024,花蓮縣,花蓮市,民勤里,221.5,123.5,59.0,10.8,花蓮市區一般住商混合區
2024,花蓮縣,花蓮市,民孝里,221.5,123.5,59.0,10.8,花蓮市區一般住商混合區
2024,花蓮縣,花蓮市,民德里,221.5,123.5,59.0,10.8,花蓮市區一般住商混合區
2024,花蓮縣,花蓮市,民心里,221.5,123.5,59.0,10.8,花蓮市區一般住商混合區
2024,花蓮縣,花蓮市,民意里,221.5,123.5,59.0,10.8,花蓮市區一般住商混合區
2024,花蓮縣,花蓮市,民政里,221.5,123.5,59.0,10.8,花蓮市區一般住商混合區
2024,花蓮縣,花蓮市,民族里,950.0,190.0,140.0,18.0,0403震後短期人潮銳減，隨後推加倍券振興逐步回溫
2024,花蓮縣,花蓮市,民有里,221.5,123.5,59.0,10.8,花蓮市區一般住商混合區
2024,花蓮縣,花蓮市,民樂里,221.5,123.5,59.0,10.8,花蓮市區一般住商混合區
2024,花蓮縣,花蓮市,民權里,221.5,123.5,59.0,10.8,花蓮市區一般住商混合區
2024,花蓮縣,花蓮市,民治里,221.5,123.5,59.0,10.8,花蓮市區一般住商混合區
2024,花蓮縣,花蓮市,民生里,520.0,123.5,59.0,10.8,花蓮市區一般住商混合區
2024,花蓮縣,花蓮市,民立里,221.5,123.5,59.0,10.8,花蓮市區一般住商混合區
2024,花蓮縣,花蓮市,民運里,221.5,123.5,59.0,10.8,花蓮市區一般住商混合區
2025,花蓮縣,花蓮市,主信里,225.0,125.0,60.0,11.0,花蓮市區一般住商混合區
2025,花蓮縣,花蓮市,主力里,640.0,94.0,58.0,28.0,商圈結構性空洞化，轉向大型名產旗艦與微型文創兩極化
2025,花蓮縣,花蓮市,主勤里,340.0,125.0,60.0,11.0,花蓮市區一般住商混合區
2025,花蓮縣,花蓮市,主和里,225.0,125.0,60.0,11.0,花蓮市區一般住商混合區
2025,花蓮縣,花蓮市,主商里,640.0,94.0,58.0,28.0,商圈結構性空洞化，轉向大型名產旗艦與微型文創兩極化
2025,花蓮縣,花蓮市,主學里,340.0,125.0,60.0,11.0,花蓮市區一般住商混合區
2025,花蓮縣,花蓮市,主安里,340.0,125.0,60.0,11.0,花蓮市區一般住商混合區
2025,花蓮縣,花蓮市,主工里,640.0,94.0,58.0,28.0,商圈結構性空洞化，轉向大型名產旗艦與微型文創兩極化
2025,花蓮縣,花蓮市,主權里,225.0,125.0,60.0,11.0,花蓮市區一般住商混合區
2025,花蓮縣,花蓮市,主睦里,225.0,125.0,60.0,11.0,花蓮市區一般住商混合區
2025,花蓮縣,花蓮市,主義里,225.0,125.0,60.0,11.0,花蓮市區一般住商混合區
2025,花蓮縣,花蓮市,主計里,340.0,125.0,60.0,11.0,花蓮市區一般住商混合區
2025,花蓮縣,花蓮市,主農里,225.0,125.0,60.0,11.0,花蓮市區一般住商混合區
2025,花蓮縣,花蓮市,國光里,225.0,125.0,60.0,11.0,花蓮市區一般住商混合區
2025,花蓮縣,花蓮市,國威里,640.0,94.0,58.0,28.0,商圈結構性空洞化，轉向大型名產旗艦與微型文創兩極化
2025,花蓮縣,花蓮市,國安里,225.0,125.0,60.0,11.0,花蓮市區一般住商混合區
2025,花蓮縣,花蓮市,國富里,355.0,125.0,60.0,11.0,花蓮市區一般住商混合區
2025,花蓮縣,花蓮市,國強里,225.0,125.0,60.0,11.0,花蓮市區一般住商混合區
2025,花蓮縣,花蓮市,國慶里,225.0,125.0,60.0,11.0,花蓮市區一般住商混合區
2025,花蓮縣,花蓮市,國治里,225.0,125.0,60.0,11.0,花蓮市區一般住商混合區
2025,花蓮縣,花蓮市,國盛里,355.0,125.0,60.0,11.0,花蓮市區一般住商混合區
2025,花蓮縣,花蓮市,國福里,225.0,125.0,60.0,11.0,花蓮市區一般住商混合區
2025,花蓮縣,花蓮市,國聯里,355.0,125.0,60.0,11.0,花蓮市區一般住商混合區
2025,花蓮縣,花蓮市,國興里,225.0,125.0,60.0,11.0,花蓮市區一般住商混合區
2025,花蓮縣,花蓮市,國華里,225.0,125.0,60.0,11.0,花蓮市區一般住商混合區
2025,花蓮縣,花蓮市,國裕里,225.0,125.0,60.0,11.0,花蓮市區一般住商混合區
2025,花蓮縣,花蓮市,國防里,225.0,125.0,60.0,11.0,花蓮市區一般住商混合區
2025,花蓮縣,花蓮市,國風里,225.0,125.0,60.0,11.0,花蓮市區一般住商混合區
2025,花蓮縣,花蓮市,國魂里,225.0,125.0,60.0,11.0,花蓮市區一般住商混合區
2025,花蓮縣,花蓮市,民主里,820.0,125.0,60.0,11.0,花蓮市區一般住商混合區
2025,花蓮縣,花蓮市,民享里,225.0,125.0,60.0,11.0,花蓮市區一般住商混合區
2025,花蓮縣,花蓮市,民勤里,225.0,125.0,60.0,11.0,花蓮市區一般住商混合區
2025,花蓮縣,花蓮市,民孝里,225.0,125.0,60.0,11.0,花蓮市區一般住商混合區
2025,花蓮縣,花蓮市,民德里,225.0,125.0,60.0,11.0,花蓮市區一般住商混合區
2025,花蓮縣,花蓮市,民心里,225.0,125.0,60.0,11.0,花蓮市區一般住商混合區
2025,花蓮縣,花蓮市,民意里,225.0,125.0,60.0,11.0,花蓮市區一般住商混合區
2025,花蓮縣,花蓮市,民政里,225.0,125.0,60.0,11.0,花蓮市區一般住商混合區
2025,花蓮縣,花蓮市,民族里,1420.0,285.0,250.0,4.0,持續主導花蓮夜經濟，五星市集與電子支付普及
2025,花蓮縣,花蓮市,民有里,225.0,125.0,60.0,11.0,花蓮市區一般住商混合區
2025,花蓮縣,花蓮市,民樂里,225.0,125.0,60.0,11.0,花蓮市區一般住商混合區
2025,花蓮縣,花蓮市,民權里,225.0,125.0,60.0,11.0,花蓮市區一般住商混合區
2025,花蓮縣,花蓮市,民治里,225.0,125.0,60.0,11.0,花蓮市區一般住商混合區
2025,花蓮縣,花蓮市,民生里,820.0,125.0,60.0,11.0,花蓮市區一般住商混合區
2025,花蓮縣,花蓮市,民立里,225.0,125.0,60.0,11.0,花蓮市區一般住商混合區
2025,花蓮縣,花蓮市,民運里,225.0,125.0,60.0,11.0,花蓮市區一般住商混合區
2026,花蓮縣,花蓮市,主信里,228.5,126.5,61.0,11.2,花蓮市區一般住商混合區
2026,花蓮縣,花蓮市,主力里,660.0,94.0,58.0,28.0,商圈結構性空洞化，轉向大型名產旗艦與微型文創兩極化
2026,花蓮縣,花蓮市,主勤里,340.0,126.5,61.0,11.2,花蓮市區一般住商混合區
2026,花蓮縣,花蓮市,主和里,228.5,126.5,61.0,11.2,花蓮市區一般住商混合區
2026,花蓮縣,花蓮市,主商里,660.0,94.0,58.0,28.0,商圈結構性空洞化，轉向大型名產旗艦與微型文創兩極化
2026,花蓮縣,花蓮市,主學里,340.0,126.5,61.0,11.2,花蓮市區一般住商混合區
2026,花蓮縣,花蓮市,主安里,340.0,126.5,61.0,11.2,花蓮市區一般住商混合區
2026,花蓮縣,花蓮市,主工里,660.0,94.0,58.0,28.0,商圈結構性空洞化，轉向大型名產旗艦與微型文創兩極化
2026,花蓮縣,花蓮市,主權里,228.5,126.5,61.0,11.2,花蓮市區一般住商混合區
2026,花蓮縣,花蓮市,主睦里,228.5,126.5,61.0,11.2,花蓮市區一般住商混合區
2026,花蓮縣,花蓮市,主義里,228.5,126.5,61.0,11.2,花蓮市區一般住商混合區
2026,花蓮縣,花蓮市,主計里,340.0,126.5,61.0,11.2,花蓮市區一般住商混合區
2026,花蓮縣,花蓮市,主農里,228.5,126.5,61.0,11.2,花蓮市區一般住商混合區
2026,花蓮縣,花蓮市,國光里,228.5,126.5,61.0,11.2,花蓮市區一般住商混合區
2026,花蓮縣,花蓮市,國威里,660.0,94.0,58.0,28.0,商圈結構性空洞化，轉向大型名產旗艦與微型文創兩極化
2026,花蓮縣,花蓮市,國安里,228.5,126.5,61.0,11.2,花蓮市區一般住商混合區
2026,花蓮縣,花蓮市,國富里,358.5,126.5,61.0,11.2,花蓮市區一般住商混合區
2026,花蓮縣,花蓮市,國強里,228.5,126.5,61.0,11.2,花蓮市區一般住商混合區
2026,花蓮縣,花蓮市,國慶里,228.5,126.5,61.0,11.2,花蓮市區一般住商混合區
2026,花蓮縣,花蓮市,國治里,228.5,126.5,61.0,11.2,花蓮市區一般住商混合區
2026,花蓮縣,花蓮市,國盛里,358.5,126.5,61.0,11.2,花蓮市區一般住商混合區
2026,花蓮縣,花蓮市,國福里,228.5,126.5,61.0,11.2,花蓮市區一般住商混合區
2026,花蓮縣,花蓮市,國聯里,358.5,126.5,61.0,11.2,花蓮市區一般住商混合區
2026,花蓮縣,花蓮市,國興里,228.5,126.5,61.0,11.2,花蓮市區一般住商混合區
2026,花蓮縣,花蓮市,國華里,228.5,126.5,61.0,11.2,花蓮市區一般住商混合區
2026,花蓮縣,花蓮市,國裕里,228.5,126.5,61.0,11.2,花蓮市區一般住商混合區
2026,花蓮縣,花蓮市,國防里,228.5,126.5,61.0,11.2,花蓮市區一般住商混合區
2026,花蓮縣,花蓮市,國風里,228.5,126.5,61.0,11.2,花蓮市區一般住商混合區
2026,花蓮縣,花蓮市,國魂里,228.5,126.5,61.0,11.2,花蓮市區一般住商混合區
2026,花蓮縣,花蓮市,民主里,820.0,126.5,61.0,11.2,花蓮市區一般住商混合區
2026,花蓮縣,花蓮市,民享里,228.5,126.5,61.0,11.2,花蓮市區一般住商混合區
2026,花蓮縣,花蓮市,民勤里,228.5,126.5,61.0,11.2,花蓮市區一般住商混合區
2026,花蓮縣,花蓮市,民孝里,228.5,126.5,61.0,11.2,花蓮市區一般住商混合區
2026,花蓮縣,花蓮市,民德里,228.5,126.5,61.0,11.2,花蓮市區一般住商混合區
2026,花蓮縣,花蓮市,民心里,228.5,126.5,61.0,11.2,花蓮市區一般住商混合區
2026,花蓮縣,花蓮市,民意里,228.5,126.5,61.0,11.2,花蓮市區一般住商混合區
2026,花蓮縣,花蓮市,民政里,228.5,126.5,61.0,11.2,花蓮市區一般住商混合區
2026,花蓮縣,花蓮市,民族里,1500.0,285.0,250.0,4.0,持續主導花蓮夜經濟，五星市集與電子支付普及
2026,花蓮縣,花蓮市,民有里,228.5,126.5,61.0,11.2,花蓮市區一般住商混合區
2026,花蓮縣,花蓮市,民樂里,228.5,126.5,61.0,11.2,花蓮市區一般住商混合區
2026,花蓮縣,花蓮市,民權里,228.5,126.5,61.0,11.2,花蓮市區一般住商混合區
2026,花蓮縣,花蓮市,民治里,228.5,126.5,61.0,11.2,花蓮市區一般住商混合區
2026,花蓮縣,花蓮市,民生里,820.0,126.5,61.0,11.2,花蓮市區一般住商混合區
2026,花蓮縣,花蓮市,民立里,228.5,126.5,61.0,11.2,花蓮市區一般住商混合區
2026,花蓮縣,花蓮市,民運里,228.5,126.5,61.0,11.2,花蓮市區一般住商混合區
